SCH-45,PBHE,TBB,OTB,765.5537499999949
ARM-33,PBFH,TBB,OTB,720.7619444444492
VLI-27,PIYW,TBB,OTB,699.0416666666636
UK266 JACOBA ALEIDA,PGSY,TBB,OTB,680.9090277777785
FV ARM20,PBLR,TBB,NO,622.6986111111099
BOEIER,PFBM,TBB,OTB,619.4459722222243
TH10 DIRKJE,PDQX,OTT,TBB,617.1730555555569
DEO VOLENTE ARM-25,PDPH,TBB,OTB,582.8141666666644
ARM-14,PDER,TBB,OTB,568.2140277777789
FV ARM-22,PFJO,TBB,NO,554.5424999999996
ALIXEL 2,FGAP,OTB,PTB,531.1613888888893
F/V OURAL,FHGG,OTB,OTM,514.1274999999998
RACHAEL.S GY305,2FSB,GNS,NO,502.91944444444385
F\V SAINT NICOLAS,FQQH,OTB,OTM,500.1997222222219
ARM-18,PFBR,TBB,NO,481.67486111111174
F/V MIREN,FHZV,LLS,LLD,478.7777777777791
F/V LES ANTILLES,FGPP,OTT,OTB,477.7598611111108
F/V LE PRECURSEUR,FOXA,OTB,OTM,471.87916666666683
CINDY VLI-25,PGGM,TBB,NO,467.06236111111065
OCEANUS N924,ZNHH6,OTB,NO,463.51055555555615
F/V PASCAL,FOXT,OTB,OTM,460.8033333333324
IDA SARA E71O,OYHO,TBB,NO,455.17694444444436
F/V ND BOULOGNE,FUJG,OTB,OTM,453.01027777777836
F/V MERCATOR,FGRU,OTB,OTM,452.18111111111114
F/V LE 5EME ELEMENT,FGG2591,GTR,GNS,442.21138888888737
F/V LE LESPENHY,FGDY,OTT,OTB,437.552777777777
F/V KEROULAN,FGIP,LLD,GNS,437.4197222222226
INGER KATHRINE L610,OWIF,TBB,OTB,437.156944444445
F/V SACRE COEUR JESU,FOOD,OTB,OTM,426.5237500000006
F/V JUMILA,FIDA,OTT,OTB,424.92111111111086
Z.85 ALEXIS II,OPDG,GNS,GTR,424.6368055555561
WR230 GIDEON,PDOI,TBB,OTT,423.8706944444443
F/V MAGALI,FGIW,OTT,PTM,423.2216666666653
ARM15,PDRE,TBB,NO,422.7200000000004
F/V LES MENHIRS,FGJI,OTB,PTM,417.6509722222219
F/V OURANOS,FITT,OTT,OTM,396.3041666666678
F/V LOKTUDI,FGQJ,OTT,OTB,386.77999999999906
F/V MELIZENN,FIVZ,OTB,OTM,383.32916666666614
"MFV Z55 ""GOEDE HOOP""",OPCC,TBB,OTB,382.3551388888893
ADMIRAL BLAKE,MHRP6,TBB,NO,381.18236111111037
F/V LIBERTAD II,FHAU,OTB,NO,380.97444444444506
MFV CARHELMAR,MHWD8,TBB,NO,380.51708333333295
TH6 JOHANNA CORNELIA,PFDD,TBB,OTB,378.69208333333387
F/V COTE D`AMBRE,FPEY,OTB,OTM,378.40777777777714
F/V OCEANIE,FVBW,PTM,PTB,367.9130555555558
FV SL42,PCRJ,TBB,OTM,366.45402777777724
F/V SANAGA 2,FMIL,OTB,OTT,363.39166666666654
F/V MAILYS CHARLIE,FMIW,PTM,OTB,363.05236111111066
ARM 46,PDQJ,TBB,OTB,362.6323611111117
KATJA E35,OXEL,TBB,NO,360.07347222222256
F/V NICOLAS JEREMY,FTMU,OTB,OTM,356.5648611111109
F/V L ARC EN CIEL I,FOBC,OTB,OTM,355.0309722222219
SCOTIA,OZYG,TBB,NO,353.23166666666714
F/V KAN AN AEL,FHIZ,OTB,NO,350.14263888888985
HK81 HANNAH,PDNF,TBB,NO,346.49180555555597
KG9 PIETERNELLA,PGTD,TBB,OTB,343.83986111111165
F/V SAILFORT,FW9426,PTM,OTB,338.5025
HA4 TINA,PC5428,TBB,NO,337.17888888888854
MFV SARA LENA,MMAD9,TBB,NO,335.5998611111121
F/V PAXDEI,FHPB,OTB,OTM,334.0213888888893
F/V CELTICA,FHDL,OTT,OTB,333.04291666666694
MFV Z.63 THALASSA,OPCK,TBB,DRB,332.6430555555556
F/V MAPAUEM,FGJA,OTB,OTM,327.961944444444
FV O82 NAUTILUS,OPDD,TBB,OTB,327.53597222222237
F/V LE BELIER,FOUS,OTB,OTM,325.99180555555495
SOFIA KAUL,OVPT,TBB,NO,324.2329166666668
LO7 ZWERVER,PBBD,TBB,NO,318.28180555555554
F/V LA SOUVERAINE,FGRO,OTB,OTM,317.87013888888805
F/V KALICOBA,FVXW,GNS,LLS,314.37999999999994
F/V STELISSA,2GFP7,GTR,NO,313.93944444444486
F/V LUI II,FINP,GNS,LLS,313.62041666666636
YE-238 GEERTRUIDA,PFOW,TBB,NO,313.6030555555553
NUEVO MADRE ROSAURA,EA2525,LLS,NO,312.7165277777777
BARA ZUR,FGTL,OTB,OTT,312.6191666666663
F/V LE DOLMEN,FHMD,PTM,PTB,311.6116666666667
F/V ARPEGE,FIWB,SDN,OTB,310.0954166666676
F/V BROCELIANDE,FI2590,GTR,GNS,307.52583333333206
VD6  BRIGITTA,PDGY,TBB,NO,307.47861111111104
UK236 DEO VOLENTE,PEGK,OTB,TBB,307.1562500000007
F/V TARZH AN DEIZ,FGPZ,GNS,FPO,306.9147222222229
F/V FARFADET,FIIO,OTB,OTM,305.15027777777806
HD4 HENDRIK PETRONEL,PEQU,TBB,NO,304.0856944444444
F/V CARLA EGLANTINE,FHZW,PTM,PTB,304.0547222222218
F/V MEN GWEN,FGPU,OTB,OTM,303.96013888888933
F/V MANATHIA,FGSL,OTT,OTB,300.14124999999996
TH-5 ADRIANA-MAATJE,PCDG,TBB,OTB,299.1558333333326
GV SILVER HARVESTER,MMAS9,OTB,NO,298.9480555555551
F/V MARVIN,FHKP,GNS,LLD,298.44347222222234
GO9 ONDERNEMING,PBHD,TBB,NO,294.95916666666665
YE-63 KIEK UUT,PGSD,TBB,OTM,294.12944444444304
F/V ATALANTE,FVRQ,PTM,PTB,290.6965277777777
WR226 JACK CORNELIS,PBSP,TBB,NO,290.0625000000003
CORNELIA BR-14,PHBW,TBB,NO,289.89222222222196
F/V DAMOCLES,FHVK,PTM,OTT,286.418888888889
F/V RAMBO,FV8992,GTR,GNS,283.05652777777686
F/V SAINT THOMAS,FL2743,GTR,GNS,282.32513888888866
F/V MAGELLAN I,FGRP,OTM,OTB,282.28819444444446
F/V PARACOU,FVJA,OTB,OTM,280.40375
SC25 EVERT SNOEK,DIRE,TBB,OTB,280.3300000000003
ALBATROS O91,OZCF,OTB,NO,279.86513888888913
WR213 TINI SIMONE,PHZA,TBB,OTT,279.31875000000014
F/V TH0MAS NICOLAS 2,FKDT,SDN,OTM,278.35847222222253
PLAIA DE RUETA,EAAA,OTB,NO,276.6165277777778
F/V BILLABONG,FHGI,PTM,PTB,276.32124999999985
KAYLANA SY21,2VAT,OTB,NO,276.0155555555554
WR12 WADDENZEE,PBGL,TBB,OTB,274.2668055555553
F/V MAGAYANT,FHZK,OTB,PTM,272.12402777777805
WR 123 ANNA JOHANNA,PEVK,TBB,NO,271.9930555555554
O62 DINI,OPCJ,TBB,OTB,271.66958333333326
WR112 ZWAANTJE,PIZE,TBB,NO,266.65888888888935
F/V CHRIS-DA,FHKZ,OTT,NO,266.59986111111107
ADRIANNE OD3,PFWH,TBB,OTT,264.58763888888893
PAX VOBIS,FHVW,OTT,OTB,262.7104166666667
GO26 ARENDJAN,PBGF,TBB,NO,262.5711111111111
MYAJUJA,FVXV,OTT,OTB,261.42166666666617
F/V IROISE 1,FGSM,OTB,OTM,261.4154166666668
F\V ARVORIG,FGUI,OTT,OTB,259.9168055555552
TX38 BRANDING IV,PEGB,TBB,NO,258.7026388888892
ARM44,PGFT,TBB,NO,257.58736111111097
WR29 LAURINA ARIETTA,PIZO,TBB,OTB,257.3363888888893
F/V MELISANDRE,FNTH,OTB,OTM,256.358888888889
UK 166  LIMANDA,PGAQ,TBB,NO,255.96861111111124
BARA MANN,FVGI,OTB,OTT,254.67833333333354
FV-BARA-LODENN,FPFS,OTB,OTT,253.6622222222221
WR291 ESTHER JENKE,PFMI,TBB,OTB,252.75902777777802
RI562 DITTE JUUL,OZWK,TBB,NO,252.54097222222254
KATHARINE,OZUL,TBB,TBB,252.26527777777815
TX33 NOVA SPES,PBQJ,TBB,GNS,252.2552777777779
F/V FLEUR DE GWARES,FWYN,OTB,NO,251.76041666666677
CONTEST LK70,GDVN,OTT,NO,247.43486111111125
F/V ASPIN,FPSH,GNS,LLS,247.2956944444441
F/V L`OPHELIE,FG8303,GTR,LLS,247.21291666666693
WR9 SHRIMPER,PG6514,TBB,NO,246.86694444444456
BRA7 JADE,DDIV,TBB,OTB,246.03499999999988
F/V JULIAN BIHAN,FHIW,OTB,OTM,245.82930555555552
WR 50 CONCORDIA,PBEE,TBB,OTB,245.48013888888894
UK237 GRIETJE BOS,PGSZ,TBB,NO,245.1015277777776
YE76 TOBBER,PHAU,TBB,OTM,244.41916666666688
F/V KELIG FLORIAN,FHDB,OTT,OTB,244.04305555555558
SORRENTO GY189,2XLE,SDN,NO,239.1681944444443
F/VLOIC2,FO3263,GTR,GNS,239.04013888888883
RS 151 EJCA,OUVI,OTB,NO,238.67416666666682
F/V TANGAROA,FVDS,OTB,OTM,238.63624999999985
F/V MAB AN TARZ,FVXX,OTB,NO,237.19958333333332
SH 7 GITTE,DKOC,GNS,LLS,236.81736111111113
F/V BELOUGA II,FQHG,GTR,GNS,235.04902777777707
ASTISOL,EAWG,OTB,PTB,233.89749999999984
KAN ATAO,FS5469,OTB,GTR,232.4919444444446
F/V PASIPHAE 2,FMFN,OTT,OTM,231.66861111111115
BERENICE,FORK,OTT,OTB,230.65388888888913
FV CORNISHMAN PZ512,MGFR9,TBB,NO,229.4952777777778
WR143 FRANS NAN,PCQZ,TBB,NO,229.45236111111046
MFV O152 ARAN,OPFV,TBB,OTB,229.02902777777803
F/V AGORRETA,FGOO,LLS,GNS,227.66402777777782
E426 RUNE EGHOLM,OYCG,OTB,NO,226.98333333333298
MOONLIGHT ND58,OWCN,OTB,NO,224.87347222222215
BUIS OD17,PFSI,TBB,NO,224.2444444444443
HA44 HOOP OP ZEGEN,PI8371,TBB,NO,223.8911111111109
ZK43 BORNRIF,PBIL,TBB,NO,223.5676388888892
F/V LA LAMBADA,FHMH,GTR,GNS,222.5043055555554
F/V HEBEILAN,FULR,OTB,OTM,220.85222222222166
ST20 AUKE SENIOR,PE4524,TBB,NO,218.55277777777798
BETANIA,EA5995,LLS,FPO,216.51458333333335
WR36 WILLEM STEFAN,PCLM,TBB,NO,214.62444444444458
F/V OUTSIDER,FGCM,GTN,NO,213.78486111111127
TH7 ADRIANA MARIA,PBKP,OTT,TBB,213.11111111111111
HV 80 FRU HELLESXE,OZZD,TBB,NO,213.04930555555558
WR3 NOORDSTER,PBEK,TBB,OTB,212.1193055555556
AVEL AN HEOL,FGPA,OTB,DRB,209.9288888888892
HA41 ANTJE,PCMP,TBB,NO,209.76305555555498
ODESSA,FHBX,OTB,NO,208.85027777777793
FV/LA PEROUSE,FUJT,OTT,PTM,208.72972222222225
BARA AN TY,FOBF,OTT,PTM,205.71375000000006
WR122 ANNE NOELLE,PFFQ,TBB,OTT,205.35138888888915
PREVAIL SY121,MMJA2,OTB,NO,204.21749999999994
HA75 ELIZABETH,PDWR,TBB,NO,203.28361111111153
F/V DAMAFRAN,FHBB,GNS,LLS,203.1790277777777
FEARNOT,GFXT,OTB,NO,202.9515277777778
F/V MAB FANCH,FPDH,OTB,NO,202.81583333333316
ALICE PAUL 2,FQDT,OTB,OTT,200.96555555555562
SD62 THERES,SLEX,OTB,OTB,200.45499999999979
F/V MERE DU CHRIST,FV8572,OTB,OTM,199.80944444444464
F/V GWEN EMMA,FUEG,OTB,NO,199.75222222222217
CICILIE,OUTO,OTB,OTB,198.68819444444438
TX-65 BONA FIDE,PDWL,TBB,NO,198.25097222222254
F/V CINTHARTH,FOBG,OTM,PTM,197.03638888888875
F/V L`OASIS,FGXT,OTB,OTT,195.79333333333352
F/V LAZALAI.,FLSP,OTB,OTM,195.0133333333334
UK165  LUMMETJE,PDQZ,TBB,OTT,194.68875000000003
F/V STECATHERINELAB,FGA3909,GTN,FPO,194.23763888888942
F/V MARGUERITE,FJES,OTB,NO,193.8844444444445
BRA5 PIETER,DDHM,TBB,PTB,193.26125000000008
MERANO,OUVG,OTB,NO,192.91236111111087
L`AMBRE,FUJW,OTB,OTT,192.5772222222223
F/V ST EMME 2,FICT,OTB,OTM,190.6481944444446
F\V DESPERADO,FVFQ,OTT,OTM,190.0168055555556
F/V MORGANE,FUJH,OTB,PTM,188.9373611111109
FRUGY,FVQF,OTB,LTL,188.03736111111078
DELIVERANCE,GJXN,OTB,NO,187.98250000000027
F/V CALAPPA,FI2817,GTR,GNS,186.60083333333327
G\V NORTHERN DAWN,MJZH8,OTB,NO,185.7744444444446
MFV O.13 MORGENSTER,OPAM,TBB,OTB,185.3626388888891
Z201 JOB SENIOR,OPHS,TBB,OTB,183.7230555555557
F/V SAINT MARIN,FU9773,GNS,GTR,181.88263888888915
TX21 PIETER VAN ARIS,PBKX,TBB,NO,181.5922222222223
F/V BELENOS,FIFY,OTB,OTM,181.5143055555557
FV OD-6,PIXX,TBB,OTB,180.72625000000005
PIETERNELLE HELENA,PFKD,TBB,NO,180.5897222222222
ANGELA SACCO  II,IJTX,OTB,NO,180.30680555555566
F/V L` ASCENSION,FI6025,GTR,GNS,179.56930555555564
F/V GLORIEUSE IMMACU,FMBK,GNS,LLS,179.09888888888884
TX68 VERTROUWEN,PIFT,TBB,NO,178.93513888888899
UK-16 ORION,PHHJ,TBB,OTT,178.11722222222218
OZEAN,DCHI,TBB,OTB,177.8036111111111
F/V LAURENT GEOFFRAY,FI5469,FPO,GTR,176.74583333333342
RELIANCE BF80,MHZZ3,OTT,NO,176.69041666666672
F/V L OPTIMISTE,FGE9509,GTR,FPO,176.27763888888884
HD29 MORGENSTER,PGAP,TBB,OTB,175.78861111111104
BARA DOUS,FGPD,OTT,OTB,174.48999999999992
F/V VIRGINIE,FGEP,OTB,OTM,173.78680555555562
F/V MARIE-LOU,FHCP,OTB,OTM,173.6468055555554
WR22 JACQUELINE,PBIS,TBB,NO,173.27597222222215
FV\MEN BRIAL,FVDB,OTB,NO,173.13166666666666
ZK47 PIETER JOHANNES,PGAO,TBB,PTB,172.44013888888912
LOUARN COUZ,FGE4249,OTT,DRB,171.97833333333318
VLI7 EBEN HAEZER,PFTL,TBB,OTB,171.79777777777744
F/V BARAKA,FT3284,GTR,GNS,171.48319444444425
DOLORES Y JUAN,EA8556,OTB,NO,171.4252777777778
F/V MARY CHRISTO 2,FHZE,PTM,OTB,170.1956944444445
F/V LES VIKINGS 2,FGQU,PTM,OTM,169.55152777777778
F/V ANITA CONTI,FHDJ,OTB,PTM,169.05097222222204
F/V TALARIANTE,FMCM,OTB,OTM,168.23152777777773
MOREMMA PD135,MKHC6,OTB,NO,168.03944444444426
HARMONIE,FHQC,OTT,OTB,167.7637500000001
UK-95 AART MAASKANT,PCAX,TBB,OTM,167.56597222222223
S41 SYDKYSTEN,OWUL,OTB,NO,167.2861111111111
XUDEMIL,EAQY,OTB,NO,166.89347222222221
EDER SANDS,GDNU,GNS,NO,166.0497222222221
PROVIDENCE IV,2KQG,OTB,NO,165.7647222222221
SWI-47,SPS2040,OTB,OTM,165.50833333333335
UK158  WILLEM JACOB,PIPM,OTB,TBB,164.73208333333335
COPPELIA,FVXJ,OTT,OTB,164.43680555555542
F/V CORTO MALTESE II,FPMJ,GTR,GNS,163.79374999999985
MFV O2 MIKE MICHEL J,OPAB,TBB,OTB,162.93930555555568
F/V KERFLOUS,FHDX,PTM,OTT,161.75819444444446
NORDSKOV AS238,OU4055,OTB,GNS,161.5118055555554
ROXY,FT9343,OTT,NO,160.7047222222222
F/V.MANGA-REVA,FGRC,OTB,NO,160.11902777777794
F/V ST-ALOUR,FGTB,OTT,OTB,160.0788888888889
F/V TARANIS,FFZT,OTB,OTM,159.87027777777772
F\V BARA AR VICHER,FIDF,OTT,PTM,159.05069444444447
FV ARM-7,PFBT,TBB,NO,158.81944444444443
F/V LA FANETTE,FIDE,OTB,OTM,157.85013888888886
FLADDA MAID UL209,MHXK6,OTT,NO,157.44944444444442
F/V-SALUTDESPECHEURS,FGF5310,OTB,DRB,155.27125000000007
F/V.LAURA,FGAV,OTT,NO,154.95555555555546
SG115 CECILIE MATHIL,OZWF,OTB,NO,154.91236111111112
DITHMARSCHEN 1,DIRV,TBB,OTB,154.86152777777772
FV ST GEORGES PZ1053,GDNT,TBB,NO,153.42291666666674
O83 JOKE,OPDE,TBB,OTB,153.31763888888895
O XAN,EHJE,LLS,GNS,152.31486111111104
SONJAN 1,OXEW,OTB,OTB,152.08402777777778
F/V SANSESIA,FG8304,GTR,GNS,151.87749999999977
ST22 PEKE SENIOR,PIAI,TBB,NO,151.00138888888898
F/V SEBASTIEN 2,FGA2691,GNS,GTR,150.90499999999997
F/V JEREMI SIMON,FHAF,PTM,OTB,149.3433333333333
SUSANNE N RS200,5QDK,OTB,NO,148.02791666666673
UK12 HOOP OP ZEGEN,PGHU,TBB,NO,147.74666666666664
SK42 VERTRAUEN,DMFP,TBB,OTB,147.58736111111108
WR21 JENTE,PGUX,TBB,OTB,147.38861111111103
DOGGERBANK,DJDS,TBB,OTB,146.7816666666667
F/V MARILUDE2,FHUZ,PTM,PTB,146.44375000000008
WR181 GERRITJE,PBBP,TBB,NO,145.8920833333332
SILVER CHORD SY 101,MVGY8,OTB,NO,145.17874999999998
F/V BARA PEMDEZ II,FMFF,OTT,PTM,144.79263888888894
TOVE KAJGAARD,OZCA,OTB,SDN,144.74180555555563
F/V AURORE BOREALE 1,FGTG,GNS,GTR,144.1218055555556
SD622 VANGUARD,SBDM,OTB,OTB,143.9999999999998
ZK5 ORA ET LABORA,PGOE,TBB,NO,143.1265277777778
FLOTO SG244,XP5985,OTB,OTM,142.9045833333333
F/V JEREMY FLORENT,FGE5183,GTR,GNC,142.75555555555547
LA TOUR D`AUVERGNE,FGLU,OTT,OTB,142.5686111111111
DAMKERORT,DERT,TBB,OTB,142.3954166666667
DI-JE E 61,OWFZ,DRB,OTB,142.15208333333317
F/V SIEMPRE VIRIATO,FJVW,LLS,GNS,141.98625000000015
FLIPPER III,FGD2658,GNS,GTR,140.90041666666673
FN 426 KJOLPEN,OWPL,OTB,GNS,139.8038888888889
UK71 KOBUS POST,PHYT,TBB,OTT,138.99652777777774
WAVE CREST SY3,MZFP,OTB,NO,138.22736111111115
PROLIFIC B265,MCLW8,OTB,NO,136.70416666666662
F/V ALPHAVER,FVXS,OTT,OTB,136.42152777777778
TRUGAREZ,FGPF,OTB,OTM,134.81069444444444
GRE34 EMILLY SOPHIA,DLZN,TBB,OTB,134.26083333333327
F/V L`ALBATROS,FHCR,PTM,OTB,134.02263888888882
UK-179 ONDERNEMING,PDUG,TBB,OTT,133.56875000000022
BARA HEIZ,FHKN,OTB,OTT,133.26138888888894
UK168 KEES KORF,PDXH,TBB,NO,132.72083333333333
GRE36 VENUS,DLIL,TBB,OTB,132.45138888888872
GO-38 DE VERTROUWEN,PBIN,TBB,NO,132.18013888888885
BROCELIANDE,FVLO,OTB,NO,132.12222222222226
MARET,DJIJ,TBB,OTB,131.6540277777778
WR129 JACOB MARCEL,PEKX,TBB,NO,131.26666666666665
F/V PROMETHEE,FITP,PTM,OTB,131.2547222222221
QUEEN,IFNK,OTB,LLS,130.7579166666666
UK368 PETRONELLA,PBBC,TBB,NO,130.49972222222223
GO-22 JAN CORNELIS,PHAG,TBB,NO,130.10819444444442
DANUBE-BLEU II,FMHP,OTT,OTB,129.81041666666667
BLACK PEARL,FW7026,OTB,OTM,128.97944444444448
LUDIVINE F/V,FVXR,GNS,GTR,128.36069444444448
LEVANTE,9A6494,OTB,LLS,128.34097222222223
ASTERIA,MWDE5,OTB,NO,127.37708333333326
GO23 CORNELIS JANNET,PHQL,TBB,NO,126.9004166666666
SUSTAIN UL45,MUIC,OTB,NO,126.85874999999994
YE6 NOOR CATHARINA,PCZC,TBB,GNS,126.21222222222225
F/V ANNA MAMM MARI,FOHD,GTR,GNS,125.83180555555563
LOREMAR,EAVN,OTB,NO,125.5351388888888
MARLIES,DCQD,TBB,OTB,125.2523611111111
F/V CLEMENT-THOMAS-E,FGJL,OTB,NO,125.2491666666667
F/V LES BARGES,FOMP,SDN,PTM,125.15916666666672
BJARKE  AS520,OVZK,OTB,OTB,124.98416666666675
F/V PHILCATHANE,FHGT,DRB,OTB,124.80638888888892
WR57 JACOBA,PEYI,TBB,GNS,124.80166666666658
F/V MARJANIC,FVEN,OTB,GND,124.2051388888888
MAR BLANCO,MQMQ8,GNS,NO,123.87027777777777
CARPE DIEM,OUPN,OTB,NO,122.87611111111116
REPLENISH,MYEB6,OTB,NO,122.57138888888886
F/V ABLETTE,FHNG,PTB,PTM,122.34902777777775
UK149 STELLA MARIS,PFBA,TBB,NO,122.24499999999995
VENTUROUS,MLEY5,OTB,NO,122.11763888888893
JOTA Y A,EA7176,OTB,NO,121.93111111111112
SD562 KRAGERO,SIMW,OTB,OTB,121.80763888888909
FAITHFUL FRIEND V,MFGM6,OTB,NO,121.7877777777776
ILENE,MZWK,OTB,NO,121.59527777777795
ZK21 ANNA,PDEW,TBB,PTB,121.06333333333332
MARGRIET LT36,2GKU6,TBB,NO,120.54916666666665
WELL-BANK,OXCS,OTB,NO,120.2813888888889
F/V REINE DE LA MER,FGIL,GTR,GNS,120.21680555555548
UK155 FRIENDSHIP,PBRG,GNS,TBB,119.96500000000009
LIS HANSA R86,OU6679,OTB,NO,119.65222222222225
F/V HERMINE,FOOH,OTB,OTM,119.64541666666659
F/V CORENTIN LUCAS,FI6125,GTR,FPO,119.54416666666656
UK287 MAARTEN FETSKE,PFCY,TBB,NO,118.99708333333339
ZK8 HUNSINGO,PFAG,TBB,NO,118.84805555555563
TX19 ELISABETH CHRIS,PDXY,TBB,NO,118.60291666666672
F/V OBELIX,FS9721,GTR,GNS,118.41166666666678
F/V ARMOR II,FUKR,GNS,LLS,117.3718055555556
F/V L`ILE MAURICE,FH6640,GTR,GNS,116.94166666666668
F/V AMANDINE OCEANE,FT7420,GTR,GNS,116.70361111111119
GOLDEN EMBLEM,MCKD8,OTB,NO,116.37388888888889
F/V DANIELE MARIE,FGLZ,OTB,PTM,115.7086111111111
FV GO-48,PDMY,TBB,NO,114.8855555555555
FV UK48 NOVA-CURA,PGKE,OTB,OTT,114.45263888888881
ANNI HOLM SG25,OYPG,OTB,OTB,113.89263888888887
F/V CHARLES HONORINE,FGA9555,GTR,GNS,113.83333333333337
DEFIANT,MHGC3,OTB,NO,113.36263888888885
SD248 AXO,SDLO,OTB,OTB,113.22180555555565
RONETHEM PD23,2USD,OTT,NO,112.6897222222221
F/V FLEUR DES VAGUES,FPEJ,GTR,GNS,112.57888888888895
F/V ST CHRISTOPHE II,FU9303,FPO,GTR,111.79624999999989
STEPHANIE,OPBS,TBB,NO,111.19833333333327
F/V SAMANA,FGSN,OTB,PTM,110.91027777777781
INCENTIVE II,2CBX,OTB,NO,110.59013888888886
OXALIS,FN7063,OTB,NO,110.5595833333333
LUCINDA ANN B313,MRWW2,OTB,NO,110.48305555555551
FV STE BERNADETTE,FI7215,GTR,GNS,109.83874999999992
MFV N93 AALSCHOLVER,OPDO,GNS,NO,109.66527777777762
F/V LAUGRE,FT9994,GTR,GNS,109.54013888888893
ANNA CAROLA,PCYF,TBB,OTT,109.23333333333348
F/V ADELINE STEPHEN,FGUF,OTB,OTM,109.16541666666674
RAMBLING ROSE,MSDN7,OTB,NO,108.63694444444442
GO-44 QUO VADIS,PGXN,TBB,NO,108.45527777777774
B-601 VAN MAERLANT,OPYA,TBB,NO,108.26874999999981
LE LAURABRENN,FU4171,OTT,OTB,107.66736111111106
ELLUMA,FP3009,OTB,DRB,107.05666666666669
F/V ANNYTIA,FMET,OTB,PTM,106.97083333333332
BORRASCA PRIMERO,EA9288,OTB,NO,106.73819444444455
EL PATRON,EA5692,LLS,NO,106.2806944444444
JOVEN MIRMER,EA6854,OTB,NO,105.72763888888889
MONTE MAZANTEU,MRQT2,GNS,NO,105.49111111111111
WR98 ELSE JEANNETTE,PDWC,TBB,OTB,104.37277777777759
FN 462 JEANNE,OZGH,OTB,OTB,104.24402777777777
F\V L`ORA MARITIMA,FGAU,OTB,PTM,103.92638888888892
O CANTINO,EAQI,OTB,NO,103.89138888888893
H264 MOLBOEN,OU6564,OTB,GNS,103.37638888888887
F/V PARADISIO,FI6362,GTR,FPO,103.13430555555551
HM123 OERNEFJELD,OWAS,OTB,NO,103.04472222222223
TX27 NOVA CURA,PBIE,TBB,NO,102.97180555555559
WL33 WILLEM ANNE,PCSG,TBB,OTB,102.7827777777778
F/V KADEGE,FOWB,FPO,GNS,102.32958333333323
TX42 RES NOVA,PDVE,TBB,OTB,102.25249999999987
BOUNTEOUS,2MCK,OTB,NO,102.20833333333331
F/V MOOREA,FMIT,OTT,OTM,101.98763888888885
F/V CYRIAQUE,FHDS,OTT,OTB,101.88333333333335
ZK17 JOHANNES DIRK,PFMJ,TBB,NO,101.4066666666666
S45 SONDERSTRAND,OWMQ,OTM,OTB,101.11083333333337
NORAI,EA3514,OTB,NO,100.94874999999999
ROSO<<,9AA2240,PS,OTM,100.3409722222222
LES ALYZEES,FI8710,DRB,GNS,100.24361111111106
SD341 SUNDLAND,SMBP,OTB,OTB,99.70541666666674
PRAIA DA MAROSA,ECDZ,OTB,NO,99.62194444444447
SKOLJKA,9AA6890,OTB,NO,99.58263888888888
F/V LE NATIF 2,FKVW,PTM,PTB,99.35791666666675
UK 156 POOLSTER,PFCW,TBB,NO,99.24208333333313
F/V L`ARLEQUIN II,FQTR,PTM,OTB,99.16361111111115
VG 117 KUNGSVIK,SBTH,OTB,NO,98.55388888888886
F/V KERSINY,FZYC,GNS,LLS,98.30625000000005
F/V SANAGA,FHVH,OTB,OTT,98.28416666666675
F/V MUREX,FH2144,GTR,GNS,98.21499999999999
TRANQUILITY,GHQL,SSC,NO,97.80166666666668
MARIE LOUISE SH-16,DIWD,TBB,OTB,97.66333333333336
MAB EOL II,FGA6050,FPO,GTR,97.56444444444469
BOY STUART,2FLV,OTB,NO,97.14833333333335
S549 BIRGITTE,OUPH,OTM,OTM,97.1481944444444
BELLATRIX IV,FIHK,OTT,NO,96.94152777777781
DAY DAWN,MNPH,OTB,NO,96.74625000000012
F/V FELIR,FNKU,OTB,OTM,96.46069444444448
UK80  LINQUENDA,PCEB,TBB,NO,96.28208333333333
WREMEN,DFAZ,TBB,OTB,96.24722222222226
VIRGEN DEL FARO,ECAV,OTB,NO,95.66597222222222
F/V LEBLONDI,FU4723,GTR,GNS,95.65861111111117
MARTINE,OUBB,OTB,SDN,95.64291666666662
F/V ARUNDEL,FMDJ,SDN,PTM,95.63388888888885
PORT DE ROSES,EA8262,OTB,NO,95.56402777777784
UK162 GERRIT SENIOR,PBPA,TBB,NO,95.40402777777781
F/V ODETTE MARCEL,FJ9112,TBB,DRB,94.1243055555556
WR67 MAARTJE,PFRE,OTT,OTB,93.62152777777773
EVA,9A4857,PS,GNS,93.49819444444445
PERZEL,FI8727,GTR,FPO,93.02597222222224
F/V L`ARCHE D`ALLIAN,FHGO,GNS,GTR,92.8408333333333
WK10 JOHANNA,PF4088,TBB,OTB,92.39138888888874
DORIS VENDELBO,OWGG,GNS,NO,92.0323611111112
STRANNEFJORD,SLCQ,OTB,OTB,92.02819444444447
GERMAR,EB2535,OTB,NO,91.9805555555556
TX1 KLASINA J,PCCV,TBB,NO,91.92777777777779
F/V ALBATOR II,FHVE,GNS,LLS,91.80569444444441
ZK 80  LINQUENDA,PDGI,TBB,OTB,91.7243055555555
ST4 HARMEN SENIOR,PDJV,TBB,NO,91.63972222222213
SISOL,9A8516,PS,NO,91.46055555555547
MONTCLAR I,ECLC,OTB,NO,91.16013888888894
ILLUSTRIS,GFBV,OTB,NO,90.56611111111108
F/V BARA BIHAN,FQHO,OTB,OTT,89.99347222222218
F/V ZEPHYR,FMIX,PTM,OTB,89.4843055555555
SHRIMPHUNTER TITANIA,SHFQ,OTB,OTB,89.40305555555547
ST24 MARIA JOSEFINA,PEAH,TBB,OTB,89.35999999999991
GRE5 MARTJE,DCCD,TBB,OTB,88.9205555555555
FV AALTJE ADRIAANTJE,2PRB,TBB,NO,88.64819444444447
F/V FILE AU VENT,FIAH,TBB,DRB,88.05875000000002
F/V MELODIE,FPSR,GNS,LLS,87.95305555555548
Z431 ALLES WISSELT,OPRE,TBB,NO,87.69930555555555
F/V MIRLOU4,FI6013,GTR,FPO,87.57208333333337
FN 321 LINE DALGAARD,OUQS,OTB,OTB,86.96861111111113
BAUTISTA PINO,EASK,OTB,NO,86.8397222222222
F/V CAP PILAR,FQED,OTB,DRB,86.76111111111113
IJM8 RONY,PFFE,OTB,TBB,86.02444444444444
HM86 JULIE DIREMO,XP4412,OTB,GNS,85.82194444444444
ALISON MARY,2FZM8,OTB,NO,85.71722222222223
KW145 CATHARINA,PHEZ,TBB,NO,85.08847222222224
BR-29 EENDRACHT,PDYB,TBB,OTB,84.83361111111118
WR71 MARRY AN,PFVJ,TBB,OTB,84.81277777777771
F/V JOHANJE2,FQNS,GTR,GNS,84.68166666666664
F/V SAINT PHILIPPE,FGD9775,DRB,OTB,84.55708333333332
F/V ARMANY,FIBN,OTB,DRB,84.18861111111116
LA PRESQU ILE II,FGD7678,FPO,GTR,83.91347222222227
MFV Z121 DEBORAH,OPEQ,TBB,NO,83.76791666666665
F/V.GD-ST-BERNARD,FHVF,GNS,LLS,83.37888888888891
VASTERLAND,SJDE,SDN,OTB,83.2486111111111
ABUELO CALISTRO,EA7760,OTB,NO,83.1343055555556
F\V.MIRACETI,FMKQ,OTB,OTM,82.81527777777777
RI320 LASIRY,OVYF,TBB,NO,82.75055555555554
CHRISTINE,DJCH,TBB,NO,82.54583333333332
F/V DIEU A BIENFAIT,FS9487,OTB,TBB,82.1883333333333
F/V RIEN D`IMPOSSIBL,FGSH,GTR,GNS,82.06666666666659
BURELES,EANT,OTB,NO,82.0219444444444
UK1 ALBERT,PCIB,TBB,NO,81.8920833333333
F/V LE GAMIN,FQLG,OTB,PTM,80.78652777777775
H77 LADY FOX,XP4462,GNS,OTB,80.70430555555558
CAP VERMELL,EA5891,OTB,NO,80.59722222222224
F/V LE STIFF,FTMJ,GNS,LLS,80.33305555555557
MARSCHENLAND,DIQK,TBB,OTB,80.24444444444445
F/V ETOILE D`ARVOR 2,FHDN,GNS,GTR,80.10416666666679
WL20 PIETER KEES,PEKN,TBB,NO,79.94750000000008
SD451 FERDER,SBYV,OTB,OTB,79.89458333333334
KG18LADEBOMADO,PCQS,TBB,NO,79.79055555555556
ARKAJ,9A4779,PS,NO,79.46236111111112
WR 111 BREEHORN,PBAT,TBB,OTT,79.34083333333334
AMARYHA,MBDT6,OTB,NO,79.05166666666668
NUEVO FALETE MARIA,EA6407,OTB,NO,78.87055555555557
PALANDRIU,EA6271,OTB,NO,78.76194444444448
BLEUENN,FGE4956,GNS,FPO,78.71166666666669
LOS MAYANS,EA9052,OTB,NO,78.60986111111112
TRITON,DCWX,TBB,OTB,78.47597222222218
MARIE ALEXANDRA,FGRA,OTB,OTT,78.2741666666667
F/V MAGELLAN,FHUY,OTB,PTM,77.99750000000002
F/V OLGA,FKTT,GNS,LLS,77.96680555555552
F/V MARIE-LOU III,FW3965,GNS,FPO,77.91472222222234
NUEVO TALITO SEGUNDO,EB2983,OTB,NO,77.86416666666666
UK 152 SOLAR,PDUK,TBB,NO,77.69583333333331
F/V JOSEPH,FOFU,OTM,OTB,77.45777777777778
F/V MANBRISA,FMGR,SDN,PTM,77.24138888888888
F/V_L'OMERTA,FHXG,OTB,OTT,76.96069444444447
KREIZ AN AOD,FMJX,OTB,NO,76.93249999999998
HERMANOS PRIETO,EA3413,OTB,NO,76.7848611111111
MESTRE GREGORIO,CURP2,LHP,LLD,76.7719444444444
F/V LA ROUMASSE,FHUV,PTM,PTB,76.29638888888888
F/V CHEPHREN,FHBW,OTB,OTM,76.09138888888891
WR-289 BONA-FIDE,PBDD,TBB,NO,76.0543055555555
F/V CARMALIA,FMFK,PTM,OTB,75.89624999999997
P`TIT- FAILLI,FU2340,GNS,FPO,75.6347222222223
PUNTA DE MALANDAR,EA6478,OTB,NO,75.46597222222219
VIKEN AV EDSVIK,SLRH,OTB,OTB,75.15277777777773
F/V ORKA II,FPLI,PTM,OTB,75.07138888888883
KRAP,9A5368,OTB,NO,75.0176388888889
WIKING CUX 20,DISE,TBB,OTB,74.6165277777777
G.CURTO COMI,EA6033,OTB,NO,74.39749999999998
FN 136 PENELOPE,5QPB,GNS,NO,74.31652777777778
F/V TCHOT POEGNANT,FGA3886,TBB,DRB,74.29722222222225
CARAIBES,FHQE,OTB,DRB,74.00486111111107
NEELTJE,2BQS8,SSC,NO,73.6873611111111
FN 220 IDA MARIE,XP3129,OTB,OTB,73.45722222222221
R/K 26,LZTN,OTM,OTM,72.91347222222221
HERMANOS CACERES,EA4899,OTB,NO,72.77361111111111
F/V ANFIELD ROAD,FQXK,GNS,NO,72.35236111111112
AURORA,DIVQ,TBB,OTB,72.24347222222218
CORDIS III,9AA5389,PS,GNS,72.16972222222223
CORDIS II,9AA5098,PS,NO,71.79541666666667
LAGUNA,9A8934,PS,NO,71.71874999999999
F/V PORZ STREILHEN,FHIY,OTB,NO,71.6158333333333
NAPREDAK,9A4838,PS,OTB,70.90458333333333
F/V EXOCET,FI4656,GTR,GNS,70.90111111111116
B 65 ARTEVELDE,OPCM,TBB,DRB,70.71583333333338
LIOU AN AMZER,FJ7358,GNS,GTR,70.6173611111111
BALK,9A4449,PS,OTM,70.42597222222221
NUEVO MENESTEO,EA6487,OTB,NO,70.32916666666665
HG 75 NICOLINE,OWKP,OTB,NO,70.15305555555558
WON17.CHARLOTTE,PE4434,TBB,NO,70.02250000000008
VIRGEN TERCERA,ECGV,OTB,NO,69.73680555555553
F/V ARCONA,SKZA,OTB,NO,69.63083333333333
WANGERLAND,DCVZ,TBB,OTB,69.46861111111127
ZK12 PIETER DION,PDHV,TBB,NO,69.37055555555553
CONCHI Y ANTONIO,EA2586,OTB,NO,69.31236111111116
ZK37 ALDERTVANTHIJS,PCRZ,TBB,NO,69.29472222222225
CORDIS I,9AA5097,PS,NO,68.67958333333334
HG 80 BEATRIX,OU8709,GNS,NO,68.65902777777781
DEVOTION,MRVQ7,OTB,NO,68.65763888888887
F/V CAPRICE DES TEMP,FGD6827,GTR,LTL,68.54041666666666
F/V GURE AMETZA,FIPZ,GNS,LLS,68.44361111111112
HEIMDALL,DKBJ2,OTB,TBB,67.99388888888889
A357 HANNE DUE,OXYU,OTB,NO,67.68180555555553
JANNIE ALBRI,OUPK,OTB,NO,67.67347222222224
SD416 NIPPON,SKPF,OTB,OTB,67.65222222222222
F/V MEN-GWEN,FS2240,GTR,GNS,67.48472222222225
F/V PHOENIX,FUBH,OTB,NO,67.39236111111116
F/V LA BELLADONE,FH3971,GNS,FPO,67.15208333333337
F/V AMDORIC,FGA3216,GNS,GTR,67.11999999999999
FLECHA DEL ROMPIDO,EA7913,OTB,NO,66.8740277777778
F/V FILOU,FOTX,GTR,GNS,66.6265277777778
ARMONIA UNO,EA3936,OTB,NO,66.59986111111111
RIA CEDEIRA,EA2399,GNS,NO,66.55708333333334
F/V LE MASCARET,FI9092,OTB,OTM,66.50291666666668
FRANK MAIKEN,OWZB,OTB,OTB,66.37083333333332
F/V EVANN EMMA,FGUH,FPO,GNS,66.26847222222221
ZK23 ANSYL,PBFI,TBB,NO,66.26791666666666
F/V SCAPIRIA 1,FHAD,GNS,LLS,66.05194444444444
EL BALERMA,EA5627,OTB,NO,65.96486111111109
F/V L`IMAGINE,FHUD,OTB,OTM,65.92513888888888
SOFIE LYKKE,OU4649,OTB,OTB,65.73597222222224
F/V MARIE JEREMY,FI9090,OTM,OTB,65.7059722222222
VIKINGO,SETO,OTB,NO,65.57250000000002
SD158 LUNA,SEPJ,OTB,OTB,65.37680555555568
G/V OPPORTUNE,ZQHW9,OTB,NO,65.2816666666667
F/V VILOU,FGPV,OTB,DRB,65.0459722222222
SD286 LISTERO,SJRF,OTB,OTB,64.96291666666664
NOVA CALA MONTJOI,EA4562,OTB,NO,64.83680555555556
GASPARE PADRE,IJVB,OTB,LLS,64.48263888888889
EMMELY PILEGAARD,OVYP,OTB,NO,64.11722222222224
F/V CELTIT,FZVH,OTB,TBB,64.04
ANNA-IDA KR221,OXRH,SDN,NO,63.91486111111111
F/V BLACK PEARL,FGFA,SDN,PTM,63.742777777777754
SD511 EROS III,SBYH,OTB,OTB,63.657499999999985
F/V MALINE,FH8021,OTM,OTB,63.50805555555552
SHARYN LOUISE,GJBN,OTB,NO,63.323888888888845
F/V CONQUEST,2ATH3,OTB,NO,63.041250000000026
FLEUR DE SEL,FH7872,FPO,GTR,62.74472222222224
F/V L`EDEN,FO4557,GTR,LLS,62.72972222222224
F/V GUEVELLEZED 2,FGE8986,GTR,GNS,62.64499999999999
LUSCINDA,EAQP,OTB,NO,62.61652777777778
PETUA,XP5127,GNS,GNS,62.532500000000006
KALIMERO,FG3185,GTR,GND,62.494166666666665
ANNIE HILLINA,DEDT2,OTB,OTM,62.14152777777779
MI MANUELA,EC2414,OTB,NO,61.88374999999998
STURMVOGEL,DCGR,TBB,OTB,61.873888888888935
F/V GAELIK,FVHR,GNS,NO,61.792916666666684
BIRTHE S149,OWLP,OTB,NO,61.64791666666665
BUTTERFLY S321,OX2716,OTB,GNS,61.555694444444484
FV-ATLAS-CN258-.-,MMEK,OTB,NO,61.52138888888888
BENJAMIN JEREMY,FO8094,OTM,OTB,61.507361111111116
MARINER II,EB2495,OTB,NO,61.358194444444436
ZENITH,MVUR,OTB,NO,61.32180555555556
F/V LADY CAMILLE,FU3219,GTR,GNS,61.288055555555566
RONDO,YL2493,GNS,LLS,61.21625
KORALJ,9AA6380,PS,GTR,60.87194444444441
OREB,9AA5128,PS,OTB,60.57236111111111
MAGELLAN,DMXQ,TBB,OTB,60.13444444444441
FV LA FREGATE 3,FMIN,OTB,OTM,60.11500000000003
S 249 NORDKYSTEN,OXJD,OTB,NO,60.090694444444466
AIROA,ECHS,OTB,NO,59.97569444444446
F/V SOUVIENS-TOI,FPYC,OTB,OTM,59.86694444444445
UK195 NOORDERHAAKS,PGKO,TBB,OTB,59.86402777777777
UK224,PGBK,SSC,OTT,59.80541666666666
F/V KERSATAO,FHQJ,OTB,PTM,59.248749999999994
TRAVESIA,EARF,OTB,NO,59.22347222222223
BASALDUA,EA7626,LLS,NO,58.904861111111124
NUEVO ANGEL LOPEZ,EB4158,OTB,NO,58.90249999999994
AQUARIUS(Z-8),OPAH,TBB,OTB,58.79694444444442
F/V GRACE DE DIEU 2,FP3050,OTM,OTB,58.63152777777778
TX14 GRIETJE,PEKM,TBB,OTB,58.432222222222215
CAPRICORN KR180,XP2654,OTB,NO,58.291250000000026
F/V IBARDIN,FVQO,LNB,GTN,58.25013888888889
F/V AN TUAZ COZ,FV6836,GNS,FPO,58.154861111111096
NORDLICHT,DBWY,TBB,OTB,57.66388888888889
ZARA,9AA8096,PS,OTB,57.51361111111111
FG 96 CINDY VESTER,SLZX,OTB,OTB,57.510416666666636
RK37,LZUV,OTM,LHM,57.480972222222206
CABO DE SAN LORENO,EAWU,OTB,NO,57.39166666666668
SILVER CLOUD WK80,MUXY,OTB,NO,56.93763888888889
HV 67 JUVREDYB,OXAX,OTB,NO,56.930277777777704
GAVUN,9A3470,OTB,LHP,56.682222222222194
BRESTUR HG63,OX2821,OTB,GNS,56.593750000000014
HM292 KIRSTINE V.,OZIR,OTB,NO,56.528055555555575
UK94 JAN VAN CEES,PBBF,TBB,NO,56.027638888888916
CICILO,9AA3622,PS,LLS,56.02319444444444
F/V KREIZ AR MOR,FGTS,FPO,GNS,55.78305555555556
R/K 28,LZUU,OTM,OTM,55.70847222222221
UK64 MATTANJA,PBKE,TBB,OTB,55.700972222222205
FV Z60 BLUE ANGEL,OPCH,TBB,NO,55.57805555555558
COSTA MEDITERRANIA,EA7559,OTB,NO,55.52708333333334
BARRANCO,EA8928,OTB,NO,55.42055555555557
HD42 GRIETJECORNELIA,PBKG,TBB,OTB,55.40486111111111
BARA AR VRO,FQBA,OTB,OTT,55.34986111111112
F/V KSORA,FGSJ,OTT,PTM,55.0675
F\V TENIA,FPMH,GNS,LLS,54.57027777777775
UK92 JAN-LENA,PHWT,TBB,OTB,54.51680555555555
F/V LE MEDELUC,FGRM,PTM,OTM,54.404722222222276
F/V VENT DU LARGE,FVHN,OTB,PTM,54.29472222222224
ZK10 VIJKO SR,PCBA,TBB,LHM,54.1988888888889
RODRIGEZ PARAPAR,EAHW,LLS,GNS,53.95263888888889
MALLEMUKKEN,OWIG,TBB,OTB,53.92222222222223
F/V MABON III,FIJH,SDN,OTM,53.90986111111112
FV GUIDING LIGHT,GFCW,OTB,NO,53.84152777777779
TRIBUTE,MIXQ,OTB,NO,53.80055555555558
SD191 SILVERON,SGLF,OTB,OTB,53.735694444444405
F/V SERTAN,FQQZ,GNS,GTR,53.66138888888894
VIRGILIO II,INEL,OTB,NO,53.65555555555558
F/V OCEANOS,FHUS,OTB,OTM,53.40680555555556
SD-19 CAP ARKONA,DISJ,TBB,OTB,53.3490277777778
KOZJAK,9AA8151,OTB,PS,53.322916666666664
ETER-VAG,FGD3370,OTT,DRB,53.314166666666665
FN219 VIBIMA,XP3621,OTB,GNS,53.27763888888891
DIRK DIRK,PBBZ,OTM,NO,53.207361111111105
FV LE BATTANT,FHNW,OTB,PTM,53.173194444444455
OPAT,9A6667,PS,GNS,53.140416666666674
KAS-KEN,XP4220,OTB,SDN,53.12680555555557
F/V LUANTSA,FLVE,GNS,GTR,53.11874999999999
HV99 ANNI DORTHE,OU7138,OTB,OTB,52.91333333333331
NORDLAND,OUIW,OTB,NO,52.74624999999999
VENUS,DITW,TBB,OTB,52.418749999999974
HM 119 BLUE OCEAN,XP3111,OTB,NO,52.35124999999999
VERTROUWEN,DQQI,TBB,OTB,52.232083333333335
JAKORIWI GO58,PEZC,TBB,OTB,52.20374999999997
MALTESE PRIMO,IWXM,OTB,LLS,52.13388888888888
F/V LE BARON,FKDH,PTM,OTB,52.088611111111106
ABRELA,EAVW,OTB,NO,52.06777777777774
NEPTUN PRVI,9A6097,PS,NO,52.06555555555554
WR126 VERTROUWEN,PIPD,TBB,NO,52.04666666666667
F/V ECUME DES JOURS,FQIA,OTB,OTM,51.97527777777774
SCHETLA,OU7332,OTB,OTM,51.933055555555555
FALKE,DESJ,TBB,OTB,51.812222222222225
FN 308 HELLE LOTTE,XP3323,GNS,OTB,51.786527777777735
COSTA DA BARCA,EAJU,OTB,NO,51.41569444444443
JOSE Y FLORENTINO,EA2328,OTB,NO,51.20527777777777
CLINTON,SMPK,OTB,OTB,51.05416666666665
S42 LISTA,OXTK,OTB,OTB,50.85152777777779
F/V-AUSTRAL,FZPF,GNS,GND,50.784722222222236
KRONKVIST,XP3261,GNS,OTB,50.43125000000003
AURELIA,VQP15,OTB,NO,50.38208333333327
SKODA,9AA6388,PS,NO,50.32569444444443
F/V MYOSOTIS,FPMG,GNS,GTR,50.273055555555544
IAIO ALEX,EA8359,OTB,NO,50.10666666666667
ANA ISABEL,EASJ,OTB,NO,50.00486111111112
NEPTUN II,9AA5464,PS,OTM,49.93222222222222
F/V ILE DE SIECK,FHIU,FPO,GNS,49.86555555555557
UK112 WILHELMINA,PHHF,SSC,OTT,49.86472222222221
SD 391 MARIKA,SFC2938,OTB,FPO,49.792361111111106
POMBO UNO,EAMX,OTB,NO,49.692638888888865
APOLLO,DFCM,TBB,OTB,49.6686111111111
TARNAN BATFJORDEN,SFDA,OTB,NO,49.590000000000025
F\V BIENVENUE,FGFD,OTB,OTM,49.46944444444445
TS6 ARYANNE,PI9112,TBB,NO,49.45333333333335
LA CHANCA,EB5161,LLD,NO,49.18319444444445
HERMANOS ROBLES,EA5178,OTB,NO,49.17791666666666
PATHWAY,2GLB,OTB,NO,49.16833333333335
F/V:NUEVO LIBERTAD,EA5808,GNS,NO,49.08902777777777
GOOD INTENT,MAUS5,OTB,NO,49.00958333333338
SUKARI PRIMERO,EAAU,LLS,GNS,48.87444444444442
ZK46 ZEEMEEUW,PGNS,TBB,OTB,48.79930555555554
SAINTE SALSA 2,FI9456,OTM,OTB,48.73666666666665
HARASIMOV MLADSHI,LZH2732,OTM,GNS,48.637499999999996
EL MONTGO,EA3784,OTB,NO,48.628750000000004
MIE MALENE,5QRJ,OTB,NO,48.56236111111112
SV.NIKOLA,LZH2257,OTM,GND,48.55138888888892
TIHOMIR,9A5873,OTB,NO,48.38986111111112
ALF,FVFP,OTB,PTM,48.2236111111111
SERENIN,EALA,OTB,NO,47.98444444444446
UK189 GERTJAN,PCMH,TBB,NO,47.979861111111056
SD669 PALERMO,SLYP,OTB,NO,47.97736111111111
ANIKA,DKFF,TBB,OTB,47.77013888888889
HA62 WILLEM TJITSCHE,PF9943,TBB,NO,47.75388888888885
SH10 FRIGGA,DNPO,GNS,GTR,47.44652777777777
MARIA ELENA,IUDQ,OTB,NO,47.427083333333336
SARAH CECILIE HG300,OU8037,OTB,GNS,47.36444444444445
F/V CAP FREHEL,FHDP,OTB,NO,47.273611111111094
F/V POSEIDON,FPRL,OTB,PTB,47.173611111111114
F/V GIMACO,FHZG,GNS,FPO,46.75833333333335
FLAMINGO 4,YQZS,GNS,PS,46.73375000000001
F/V MARANELLO,FJJX,OTB,NO,46.646249999999995
MEDUZA 3,LZUT,OTM,OTM,46.59805555555556
TAIS,LZSU,OTM,GNS,46.37597222222221
SOEREN KRISTINE HG14,5QSM,OTB,GNS,45.95375000000002
BALEAR SEGUNDO,EB5408,OTB,NO,45.82305555555559
F/V ESPEMAR,FPHZ,GNS,GTN,45.74069444444442
F/V PIERRE DE JADE,FUJR,OTB,DRB,45.66444444444445
A17 NEPTUN,OU2181,GNS,NO,45.65958333333332
GO-5 ORA ET LABORA,PBKQ,TBB,NO,45.365555555555545
FN 261 STJERNE,OWRI,OTB,GNS,45.30388888888889
PLAYA DO CASTRO,ECHU,OTB,NO,45.23652777777778
STELLA POLARIS,DLZP,TBB,GNS,45.09013888888889
F/V ST JACQUES 2,FOOJ,OTB,OTM,44.93597222222222
MIRNA DVA,9A5015,OTB,OTM,44.9284722222222
GOLDEN REAPER,2DKW,OTB,NO,44.85249999999994
SD 278 BRATTVAG,SCFD,OTB,OTB,44.40722222222225
F/V MALORICK,FHNI,OTB,SSC,44.33208333333329
CHALLENGER,FVDZ,OTB,NO,44.25722222222221
O BUSI,EA5772,GNS,NO,43.975833333333334
HG 31 SEDINAH,OU5055,OTB,GNS,43.92569444444446
PEIX BLAU,EA5928,PS,NO,43.77972222222221
F/V PATISAKA,FGRJ,OTB,NO,43.75569444444446
UK 2 ADRIAANTJE,PDHR,TBB,OTB,43.66972222222223
ZENTHA,SKBU,OTB,OTB,43.544305555555546
F/V ARAVIS,OPDU,OTB,SSC,43.44319444444442
ULLA LINDBLAD,OXAL,OTB,GNS,43.44069444444448
GRE21 GEORGINA,DCQK,TBB,OTB,43.39194444444442
ROSSO,SIGA,OTB,OTM,43.27680555555553
DUNJA-LYNN WR2,PBCL,TBB,NO,43.102361111111136
GOEDEKE MICHEL,DJDR,TBB,OTB,43.09763888888889
CAP-COZ III,FOTC,OTB,DRB,42.945555555555565
RUGENORT,DLWN,TBB,OTB,42.90861111111107
FN133 HANSINE,OX2768,GNS,OTB,42.69291666666665
F/V LE RESSAC,FVPN,GNS,LLS,42.67888888888889
PLAYA DE LUARCA,EA8882,GNS,NO,42.547222222222196
F/V L`INSOLITE,FMFP,OTB,OTM,42.46736111111112
RI426 METTE JANNI,OXJR,OTB,TBB,42.33416666666664
MFV Z39 ZUIDERZEE,OPBM,TBB,OTB,42.32347222222222
F/V ITA EST,FW8271,OTB,PTM,42.28847222222221
F/V LA PASTENAGUE,FLIC,OTB,PTM,42.28763888888889
PAQUITA PEREZ,EB6332,PS,NO,42.249861111111095
EL VAIXELL,EA9051,OTB,NO,42.21069444444445
GRE 26 AVALON,DCDK,TBB,OTB,42.169444444444444
F/V ALEXANDRA,FVRM,OTB,OTM,42.14458333333333
F/V ROSELAND,FQZK,GNS,LLS,41.913611111111116
GUAPO  C,EBTS,OTB,NO,41.75819444444445
COELLEIRA,GHXZ,LLS,NO,41.63069444444445
MI ENCARNA,EA2382,PS,NO,41.51791666666668
S158 SARON,OYJC,OTB,NO,41.387361111111105
PACHINANDO,EA3283,PS,NO,41.23777777777778
INGUN,SKMQ,OTB,OTB,41.16249999999998
ANTARES,DJES,TBB,OTB,41.131111111111096
SAPHIR,DFAX,TBB,OTB,40.966249999999995
O29 BROODWINNER,OPBC,TBB,OTB,40.926249999999975
ANTARES,DITA,TBB,OTB,40.9072222222222
THAIS LEO,FAD6567,DRB,OTB,40.83333333333331
PROSPERITY UL250,MLGT6,OTB,NO,40.78402777777779
F/V SI,FGYP,GTR,LLS,40.66194444444446
KILDONAN UL145,MOOQ,OTB,NO,40.659861111111134
SKOVSMOSE HG5,OU4587,GNS,LLS,40.59847222222223
DON BORJA,EA2947,OTB,NO,40.462361111111115
F/V LA PETITE MAYLIS,FVJG,OTB,TBB,40.46097222222223
HOBOS,9AA5953,PS,GNS,40.430138888888884
SCH-135 GALIBIER,PBIB,OTB,OTT,40.42777777777778
PERLA NOVA,EA7778,OTB,NO,40.33236111111111
GLITTFORS,SGUM,OTB,OTB,40.08347222222222
F/V LE CORSE,FH9673,GTR,DRB,40.03513888888887
F/V CHALLENGER,FIOS,OTB,LTL,39.957222222222235
JOHANNA BR-10,PFDQ,TBB,OTB,39.923055555555486
F/V RONSARD,FVHI,GNS,LLS,39.92013888888889
RK27,LZTO,OTM,LHM,39.88902777777776
TURETA,9AA6280,PS,OTB,39.788055555555545
VIRGEN SEGUNDA,EALO,OTB,NO,39.73013888888888
CRISTO DE LUZ,EA6833,OTB,NO,39.69027777777779
MINEA,IIJU,OTB,PS,39.66611111111112
GLUECKAUF,DIXG,TBB,OTB,39.660833333333336
F/V FANIE CLEMENT 2,FGD4094,GTR,NO,39.655694444444414
CARLO MAGNO,IQEP,OTB,NO,39.48208333333333
KORENAT,9AA5332,PS,OTB,39.19291666666667
NIXE II,DF7983,TBB,OTB,39.0673611111111
REUL A CHUAIN,MJQU,OTT,NO,38.72944444444444
GUARDIAN ANGELL,2IIJ2,OTB,NO,38.66458333333334
F/V SIROCCO,FW3521,GTR,FPO,38.57208333333334
SVANEN,SMFH,OTM,OTB,38.505
BLANKA,9AA4508,PS,OTB,38.4438888888889
F-V DANIEL AUGUSTE,FGAC,OTB,PTB,38.40500000000001
STROMBOLI,OX2576,OTB,LLS,38.34638888888889
F/V L ABSIDE,FH6061,OTB,PTM,38.338888888888874
MADONNA DELLOSCOGLIO,IOGP,OTB,NO,38.06305555555555
IACONE,IVFZ,OTB,NO,38.02305555555556
CHAVDAR,LZH2264,OTM,OTM,37.99402777777779
VG-97 TARNO,SMIL,OTB,NO,37.944861111111116
PETITE LAURA,FH2383,FPO,GTR,37.90958333333333
ESTEL DE ROSES,EA9974,OTB,NO,37.8051388888889
SIGMUNDUR,OZUE,OTB,GNS,37.77722222222222
VG29 CHRISTINA,SLWH,OTB,OTB,37.73944444444437
F/V YANN MARY,FI6110,OTB,TBB,37.672222222222224
AMARES,EA7708,GNS,GTR,37.54749999999998
SD-6 BLEIBTREU,DFNM,TBB,OTB,37.54208333333333
RANGER OB29,2CPZ,OTB,NO,37.405
FV ERISPOE,FHKG,OTB,OTM,37.36569444444445
NEPTUN DRUGI,9A6098,PS,OTB,37.22277777777777
KAREN MARGRETHE,XP3219,OTB,GNS,37.18791666666666
BIGTANA,OXEP,GNS,NO,37.16319444444444
JADRAN DVA,9A3025,PS,OTB,37.05305555555555
MAUROS JEDAN,9A5582,PS,NO,37.04722222222221
SHARON ROSE SY190,2ABW3,OTB,NO,37.00847222222224
KOL-206,SPK2075,OTB,OTM,36.92083333333335
F/V MOBY-DICK,FLPY,GNS,GTR,36.76736111111111
YE-78 MARGARETHA,PGUJ,TBB,NO,36.758749999999985
F/V P`TIT OURS,FVDE,OTB,OTM,36.725972222222225
FEMERNSUND,XP2779,OTB,GNS,36.68333333333332
F/V CANTO NUEVO,EBVH,LLS,NO,36.589722222222235
F/V FILLE DU SUET,FGSG,GNS,GTR,36.38819444444444
EDELWEISS,DJGC,TBB,NO,36.35666666666666
GOOD HOPE H357,2CPV2,SSC,NO,36.11750000000001
ES REFALAR,EA2455,OTB,NO,36.07972222222222
HIMAJO PRIMERO,EDXN,OTB,NO,36.050694444444424
AVI FRANCISCO,EA8622,OTB,NO,36.04319444444443
VAL G,MCCP2,OTB,NO,35.87361111111109
SARDINA 2,9AA6486,PS,NO,35.70944444444445
FN 44 HELENE SARAH,XP2611,SDN,OTB,35.666805555555555
CASILO S386,OZZP,OTB,NO,35.63986111111111
NUEVO ELOY,EA5413,OTB,NO,35.627777777777794
A 421 JOMUS,XP5692,OTB,OTB,35.45222222222226
FAIRHAVENS,2JCI7,OTB,NO,35.15874999999999
PREVAIL,MANM7,SSC,NO,34.95763888888889
OCEAN HARVESTER,2JMY,OTB,NO,34.95097222222222
PH1100 WIRON 5,2HGD8,PTM,NO,34.94555555555554
F/V IMAGINE II,FGA2369,GTR,GNS,34.93902777777778
F/V HORIZON,FIOM,OTB,PTB,34.870694444444425
F/V SOURIRE DE L`ILE,FU5316,OTB,LLS,34.870555555555555
GV SPARKLING SEA,MKJX5,OTM,NO,34.86805555555552
F/V GALAPAGOS,FVGE,OTB,DRB,34.77513888888886
F/V MARIAL,FHVA,GNS,GTR,34.6848611111111
MAR IBERICO,CUDL8,OTB,NO,34.68027777777778
F/V MARINETTE-GUY,FPLH,OTM,OTB,34.61902777777779
ENRICO V,IJKT,OTB,NO,34.45555555555554
BONAVENTURE,MNAX,OTB,NO,34.41097222222223
R 309 JANNE,OU6482,GNS,LLS,34.31527777777777
MASJID,EA6336,OTB,NO,34.29166666666666
HENDRIK BRANDS,MXNW5,TBB,NO,34.24805555555556
SUEDWIND,DJRS,TBB,OTB,34.224722222222226
ARADON BERRIA,EA3095,GNS,NO,34.103888888888875
RANDI,SBWN,OTB,OTB,34.01250000000001
ALBATROS GRE-6,DCBF,TBB,OTB,33.944305555555545
PALAMIDA,9A5713,PS,NO,33.85041666666667
HERSON,LZH2265,OTM,OTM,33.789027777777775
HG 102 SIGRID,XP3821,GNS,OTB,33.648888888888905
Z56 PIETER,OPCD,TBB,OTB,33.44944444444447
F/V L`ANGEVINE,FO9461,OTM,OTB,33.33319444444445
NOR207  NOORDSTER,DBWH,TBB,OTB,33.33041666666667
GG32 TRISTAN,SDLB,OTB,NO,33.27472222222222
ARCTURUS,MZCK7,OTB,NO,33.24347222222222
L`ABRI  DU MARIN 3,FGE8514,DRB,GNS,33.23916666666665
H 21 MARIANNE,XP2856,GNS,OTB,32.99916666666667
GERMANS FELIX,EA3958,OTB,NO,32.901666666666664
F/V EXCALIBUR 2,FVKU,GNS,GTR,32.829444444444434
CRUNIA,EAWT,OTB,NO,32.82736111111112
F/V RENAISSANCE II,FMEW,SDN,PTM,32.67583333333332
S 123 SILJE-SOFIE,OU8407,OTB,GNS,32.61555555555556
H 591 LINE,OVJA,OTB,SDN,32.58486111111113
HERMANOS CAPARROS,EA4509,LLD,NO,32.53402777777778
RI450 PERKREDES,OXUL,GNS,OTB,32.292222222222215
KALI,9A4643,PS,GTR,32.26430555555556
F\V L`ACCENT D`ICI,FVHG,OTB,PTM,32.067777777777785
RS 64 ELSE,XP3314,SDN,NO,31.960972222222214
CATALINA GODO,EA2435,OTB,NO,31.866805555555562
KIRSTEN MARIE,OXUI,TBB,NO,31.739583333333297
Z 526 VAYA CON DIOS,OPUV,TBB,OTB,31.674027777777784
THEMIS S144,OZEL,OTB,OTB,31.566666666666663
CUX-12 ELENA,DQWL,TBB,OTB,31.505694444444455
PLAYA DO TORNO,ECML,OTB,PTB,31.502638888888885
GERTRUDE ANN,MJZK7,OTB,NO,31.491249999999983
LA HOULE,FMID,OTT,PTB,31.47972222222223
O10 HYACINT,OUQI,OTB,OTB,31.46291666666668
F/V PLUTON,FGRK,OTB,NO,31.303333333333338
LE JUSANT,FMGI,OTT,PTB,31.158888888888892
UK37 URSA MINOR,PICU,OTB,OTM,31.120694444444446
ALBA MAR,EBVZ,OTB,NO,30.984861111111123
GEFION O41,OXUP,OTB,OTB,30.912777777777773
ANSGAR E104,MMQA,SSC,NO,30.850555555555555
STIENE BRUHNS,DQNX,TBB,OTB,30.83833333333334
LAURA DORIA,IMJV,OTB,PTM,30.714722222222214
F/V STRADALE,FIEP,OTB,OTM,30.67611111111111
FV OD-1,PHNE,TBB,NO,30.63472222222222
EVA DVA,9A4979,PS,NO,30.59027777777778
MARIA DOS ANXOS,ECCL,OTB,NO,30.584583333333338
TITARIO SEGON,EA6855,OTB,NO,30.560277777777774
CONSTANCIA,EB3266,PS,NO,30.553472222222222
GANLER VG37,SKZG,OTB,NO,30.469722222222224
F/V AZUR,FVRN,OTB,OTM,30.416111111111107
PEPITO-MANCHON PRIME,EA5899,OTB,NO,30.393055555555556
PESCASAR,EBXW,OTB,NO,30.366805555555562
F/V AZKARRA,FVNR,GNS,FPO,30.278472222222227
HA13 NIJSSIEN,PHLF,TBB,NO,30.271944444444433
TOVE,LYSF,OTM,NK,30.205694444444443
HERMANOS SAMBAD,EA7977,LLS,NO,30.004861111111115
KR 191 MINDY,SLEA,OTB,NO,29.583888888888886
NORDAHL H151,XP5517,GNS,NO,29.539166666666652
VERONICA PRIMERA,EA9722,PS,NO,29.481250000000003
F/V INTXORTA MENDI,EBWU,OTB,PTB,29.401944444444446
KUN,9AA2806,PS,OTB,29.364583333333336
SC31 DR MAARTEN LUTH,DIRA,TBB,OTB,29.301111111111116
FV RESURGAM PZ 1001,GYED,TBB,NO,29.253333333333334
WR 88 FIDES MAREM,PGYN,TBB,OTB,29.25027777777776
F/V HELIOTROPE,FGPH,LLS,NO,29.090694444444445
CIROAG,EA2529,OTB,NO,29.010972222222218
H273 MONTANA,XP4668,OTM,NO,28.949444444444453
PALERMO NOSTRA,IQLS,PS,LLS,28.928333333333345
SOEFELT,XP2732,OTB,NO,28.671111111111117
UK227 ORANJE NASSAU,PGOI,TBB,NO,28.595972222222226
F/V CAP LIZARD,FQIZ,OTB,NO,28.54375
N86 RUDY,OPDH,TBB,OTB,28.49624999999998
NORTH SEA,OVSZ,GNS,OTB,28.43777777777778
CRISTINA PEDROSA,EAFO,OTB,NO,28.428055555555567
F/V MADISON,FGA3244,OTB,DRB,28.415833333333325
JUVENILIA,CUWB,OTB,NO,28.360000000000003
CUX1 MARE LIBERUM,DFMD,TBB,OTB,28.332361111111105
NOVOMAR,CUFB5,OTB,NO,28.25180555555555
FN 204 DANZIG,XPHK,OTB,NO,28.22916666666667
CHRISTINE,DLIG,TBB,OTB,28.0338888888889
FV/SILVER DAWN,VQGG6,GNS,NO,27.907083333333336
NUOVA RACHELE,IRXN,OTB,PS,27.86958333333333
BRA2 BUTENDIEK,DIRZ,TBB,OTB,27.868194444444438
F/V FARPESCA,FHZJ,OTB,NO,27.809166666666663
ZUBATAC,9A3640,PS,NO,27.50916666666666
HG 410 SIGNET,OZQG,OTB,NO,27.503750000000004
LOUWE SENIOR,VSLB9,OTB,NO,27.484722222222224
TOR-ON,SMIT,PTM,OTB,27.479861111111116
SIN KALI 1,9AA6099,PS,GNS,27.461388888888887
ENEZ VIAN,FS6929,GTR,FPO,27.304722222222225
PEGASO S.B.,IQFH,OTB,PTM,27.264444444444447
KORNAT,9AA5968,PS,OTB,27.25694444444444
F/V TETITAN,FGE3732,OTB,DRB,27.232638888888886
FV STELLA POLARIS,PHSU,SSC,OTB,27.226111111111113
TORLAND,SMIW,OTM,OTB,27.193749999999994
F/S SCHNEIVIN`S,FI3825,OTB,OTM,27.172222222222235
REGINO JESUS,EA9346,GNS,NO,27.149166666666662
GURRA,IOIV,OTB,PTM,27.143750000000004
GERMANS MAURA,EA4596,OTB,NO,27.079305555555553
MFV ELIZABETH N,MXGC5,TBB,NO,26.923888888888882
F/V LOUIS-ANDRE,FHVR,DRB,OTB,26.896527777777766
F/V PENN KALET,FQQA,GTN,FPO,26.839722222222218
GY127 HENDRIKAJACOBA,ZIVJ9,OTB,NO,26.748611111111114
L AR VOALEDEN,FIMJ,OTB,PTB,26.668611111111108
WOTAN SC 9,DIZO,TBB,OTB,26.60888888888889
MARIELLA,IPQJ,OTB,NO,26.44972222222223
BRUTUS,XP2011,OTB,NO,26.29625
RIBAR,9AA2125,PS,OTB,26.14916666666667
UK34 KOBUS JR,PFKP,TBB,OTT,26.0863888888889
RAMON I PILAR,EA7050,OTB,NO,26.081805555555555
NEREE2,FI2202,LLS,NO,26.067361111111115
POMBO TRES,EAMR,OTB,NO,26.05361111111112
PLAYA DAS DUNAS,EAQO,OTB,NO,26.004722222222217
TINA CUX-5,DFJH,TBB,OTB,25.96736111111111
CATALI SEGON,EA6490,OTB,NO,25.939722222222226
LUSITANIA PRIMERO,EA5219,LLD,NO,25.88069444444444
NICOLAS E ISABEL,EA2268,LLD,NO,25.868750000000006
UK87 MARIA,PFUI,TBB,NO,25.83291666666667
UK135 CORNELIS TRIJN,PFAY,SPR,PTB,25.79958333333333
MARPAR SEGUNDO,EANE,OTB,NO,25.724166666666665
LA NUEVA FURIA,EA3949,PS,NO,25.590138888888887
NUEVO AAIUN,EB5620,PS,NO,25.576666666666668
GULDBORG H84,OXEG,GNS,NO,25.570277777777775
OSTWIND,DISX,TBB,NO,25.529305555555567
SARAH KAJGAARD,OWRW,OTB,OTB,25.381388888888893
POMBO SEIS,EAZV,OTB,NO,25.324027777777772
NEPTUN I,9AA5375,PS,OTM,25.284305555555555
F/V PETITE FOLIE III,FGA8451,OTB,DRB,25.21027777777779
KOL-6,SPK2136,OTM,OTB,25.139166666666675
WR80 SIMON ALBERT,PIWW,TBB,NO,25.107500000000034
H218 METTE,OWIN,OTB,NO,25.075833333333332
F\V CIRCE,FV5167,OTB,NO,25.043611111111108
GOOD FELLOWSHIP,MJEG,OTB,NO,25.005694444444437
F/V SCUDERIA,FIKQ,OTB,NO,24.946666666666673
ADELINDA,IRFY,OTB,PTM,24.824583333333322
STEFANO C.,IKHN,OTB,NO,24.670972222222222
POMBO CUATRO,EAYV,OTB,NO,24.610833333333332
GRE-28 VISAREND,DBWB,TBB,OTB,24.504583333333333
PEPA ALONSO,EA3164,OTB,NO,24.502222222222223
HM75 MORTEN MALENE,OZRN,OTB,NO,24.50069444444445
SANTA ANITA,CUPS,OTB,NO,24.412777777777777
JOANNA CY701,GFGX,OTT,NO,24.316111111111113
ASTER,CURM9,OTB,NO,24.30347222222222
MFV ALGRIE,2NYC,TBB,NO,24.295000000000005
F/V LE SPHINX,FHXY,OTB,PTM,24.275277777777777
F/V OCEANE III,FGBL,GNS,GTR,24.194305555555562
NUEVO VIRGENCITA,EA9256,OTB,NO,24.14111111111111
GV.BENAIAH-IV,ZNQH2,OTB,NO,24.139861111111106
TACOMA,9AA8122,PS,GNS,24.12180555555556
MARGARETE,DJUU,OTB,PTB,24.016527777777778
F/V ST JOSSE IV,FUOM,OTB,OTM,23.98930555555556
TOPACIO,EA3917,PS,NO,23.98291666666667
SOLER BORJA,EA3635,OTB,NO,23.902361111111112
NUEVO MOBY DICK,EA3619,LLS,FPO,23.87152777777777
SC45 MARIJTJE KEUTER,DIYU,TBB,PTB,23.80708333333333
POMBO CINCO,EAYL,OTB,NO,23.736388888888897
ROSINA,ILCI,OTB,PS,23.63722222222222
F/V VICTOR CONSTANT,FUZK,OTB,DRB,23.57541666666667
SD258 FALKEN,SFB4701,OTB,NO,23.51083333333332
SL-9 JOHANNA,PHOE,SDN,OTB,23.474027777777764
DAR-19,SPK2118,GNS,LLD,23.385416666666668
SWI-57,SPS2009,OTB,OTM,23.278055555555557
F/V NAUSICAA,FKJW,OTB,OTM,23.206111111111113
NUEVO NOGUERA,EA5770,PS,NO,23.169722222222223
NUEVO MANOLO PUYOL,EA5822,OTB,NO,23.105555555555558
F\CHARLE MARIE 2,FQCM,OTB,DRB,23.05777777777778
AFANUDA SEGUNDO,ECDB,OTB,NO,23.055555555555554
CORYDALIS,FGJW,PTM,SSC,23.03624999999999
DOMINGO,EA7822,PS,NO,22.827361111111117
F/V ENTRE TERRE&MER,FMKK,OTB,NO,22.825000000000003
F/V AMAZONE,FIOK,LLD,GNS,22.824861111111108
RI342 CHRISTINA,OWAC,TBB,NO,22.777638888888884
HELMSAND,DISU,TBB,OTB,22.718611111111116
F/V TESTAROSSA,FIWV,OTB,OTM,22.693611111111117
ARKONA,OXOO,OTB,OTB,22.547777777777753
FALCO DEL MARE,IOUM,OTB,PTM,22.48000000000003
SEA MOURNE,2DZP7,OTB,NO,22.33611111111111
WLA-307,SPG2446,OTM,OTB,22.169444444444444
WLA-32,SPG2222,GNS,LLD,22.15083333333336
HESSELO HM 293,OU7092,OTB,GNS,22.144861111111112
PIETAS IULIA,9A3718,OTB,PS,22.127222222222223
DAR-10,SPK2109,OTB,OTM,22.067638888888887
RON,SCGX,OTM,NO,22.018194444444447
F/V VIRIATO PRIMERO,FVQL,LLS,GNS,22.01486111111111
F/V TELEMAQUE,FV4969,DRB,OTB,21.98513888888889
SARDINA1,9AA5395,PS,NO,21.81541666666667
STEADFAST,2IVI3,OTB,NO,21.785972222222203
USODIMARE,ITUS,OTB,PS,21.783055555555553
F/V DELTA D`OC,FOJI,OTM,OTB,21.718055555555555
HRVATICA,9A7040,OTB,GTR,21.58819444444447
NUEVO SOCIO,ECKD,OTB,NO,21.536666666666665
SERENO,ITJX,OTB,NO,21.49041666666666
IVOS,9AA3635,PS,NO,21.460694444444442
DZI-100,SPK2067,OTB,OTM,21.458750000000002
HM95 AUGUST,OZNU,SDN,NO,21.445972222222224
LL425 VIKEFJORD,SIBX,OTB,OTB,21.387777777777778
SABRINA,IIFI2,OTB,NO,21.198888888888888
SANDEFJORD,SLVG,OTB,OTB,21.14499999999998
NVO MANUEL CONCEPCIO,EB3808,OTB,NO,21.08180555555555
EMMALIE,OZHX,OTB,NO,21.034027777777787
PAOLA IV,IOUL,OTB,PTM,21.021388888888882
SAS 295 BLAUWAL,Y4ST,OTB,PTB,20.834722222222226
F/V KAXARRA,ECKC,OTB,PTB,20.76597222222222
F/V L`ESPOIR,FPOA,GNS,LLS,20.754861111111115
VICTOR EMMANUEL,FHBY,OTB,NO,20.731388888888887
F/V EGALITE,FHAM,OTB,OTM,20.72333333333334
VINCENZO MOSCUZZA,ISNF,OTB,GNS,20.66416666666667
HNOS ALONSO MORENO,EA2703,OTB,NO,20.569583333333334
MAREA,9A8259,PS,GNS,20.543333333333337
SENYERA,EA2852,PS,NO,20.50291666666666
FV SOLA FIDE,MWRC6,TBB,NO,20.45027777777778
F/V PHILICHRIST,FGCO,OTB,OTM,20.435694444444447
R41 POLARBJOERN,XP2111,OTB,OTM,20.428055555555556
F/V DAYTONA,FQCW,OTB,OTM,20.413472222222218
MFV Z90 FRANCINE,OPDL,TBB,NO,20.400972222222222
UST-20,SPK2002,OTB,LLD,20.386527777777772
ALBAMAR,CUFB9,OTB,NO,20.214444444444442
RAMON DE NACLETO,EA5486,OTB,NO,20.053333333333335
ALTA FR699,MMLX9,OTB,NO,20.004166666666666
ESTRELLA DE MIGUEL,EA5275,PS,NO,19.990277777777777
PH2200 WIRON 6,2HGE2,PTM,NO,19.804722222222225
SLETNAES S93,XP2262,OTB,NO,19.77027777777778
F/V HEGOAK,FMGH,DRB,TBB,19.76638888888889
F/V MARIA MAGDALENA,FPGG,GNS,LLS,19.75944444444445
"SAS 1O7 ""CRAMPAS""",DBVB,OTB,OTM,19.752500000000012
MINGE,LYAB,OTM,NK,19.72555555555555
MOLO,9A4036,PS,GTR,19.672499999999996
RI93 AVANCE    .,OWII,TBB,OTB,19.615416666666665
F/V GULF STREAM,FGA5720,GNS,LLS,19.589166666666664
WANGERLAND,DCEQ,TBB,OTB,19.541527777777777
FV PETIT LOIC,FGBA,GNS,NO,19.51694444444444
NF110 MIE III,XPBU,OTB,OTM,19.378749999999993
F/V ANTHINEAS,FQVN,SDN,PTM,19.285277777777768
F/V CEZEMBRE,FHBZ,OTB,PTM,19.252499999999998
FAMILIA RIVAS,EA4523,PS,NO,19.227361111111115
EMILIE FN267,OZOC,OTB,NO,19.2025
RHODANNA,MFVX2,OTB,NO,19.15208333333333
VITA ANTONINA,IWIC,OTB,PS,19.12291666666666
KAREN MARGRETHE,OU6719,GNS,GNS,19.099861111111114
NORDSTERN,DFRK,TBB,OTB,19.082499999999996
F/V YANN FREDERIC,FPNR,OTB,DRB,19.032638888888886
LEONARDO S.II,IRSB,OTB,NO,19.02291666666664
F/V LE MAXIMUM,FHPE,OTB,DRB,18.938750000000006
LOVON,SJKE,OTM,OTB,18.857500000000005
PERET I PAQUITA,EA5593,OTB,NO,18.834444444444443
HG55 ANNIKA,XP3296,GNS,OTB,18.784444444444446
HERMANOS NAVARRO,EA4385,LLS,FPO,18.712638888888886
MAR DE VIANA,CUPP2,OTB,NO,18.673888888888886
F/V SUMMUM,FZFV,OTB,DRB,18.550277777777783
PAPELERO,EA5545,OTB,NO,18.546944444444442
F/V NORMANDIE,FVGB,DRB,OTB,18.525277777777784
UK271 ESTER JACOBA,PCFC,OTB,NO,18.50666666666666
EINHEIT,Y4KT,PTB,OTB,18.49625
JADE 3,FGE4355,OTB,DRB,18.416388888888896
STRATHMORE,MEAJ3,OTB,NO,18.41402777777778
BALBUZARD,FHXN,OTB,DRB,18.39430555555555
HG88 INGE,OX2817,GNS,OTB,18.34916666666667
ISABEL Y PACO,EA2373,OTB,NO,18.31361111111111
SD539 GRYNING,SJOD,OTB,OTB,18.153194444444452
LAMPUGA,9A3526,PS,OTB,18.145972222222216
ROCA FORNE,EA8474,OTB,NO,18.139583333333334
COMRADE,MWVB,OTB,NO,18.13472222222223
SILVANO BOCOCI,IOQF,OTB,NO,18.109722222222224
MARGALEF CABANES,EA5682,OTB,NO,18.044166666666662
JOANET,EA2308,OTB,NO,17.933888888888884
Z35 ORA ET LABORA,OPBI,SSC,OTB,17.855833333333344
L126 BERING SEA,OXYA,GNS,NO,17.743888888888886
GOOD HOPE,MLGG2,OTB,NO,17.740833333333327
ABUELO ANTONIO,EA6532,OTB,NO,17.67541666666667
CIRO 1,IWQK,OTB,PS,17.58208333333333
PICO SACRO,EEAI,OTB,NO,17.539583333333333
ALONFER,EA5406,PS,NO,17.526944444444442
ZK49 TWEE GEBROEDERS,PHXM,TBB,NO,17.412361111111103
F/V MARAUDEUR,FQLT,OTB,PTM,17.21055555555556
LAYUNO ZALLO,EA4876,LLS,FPO,17.169166666666666
GG 690 VINGASAND,SGND,OTM,NO,17.139444444444447
F/V PEDRA BLANCA II,FIDD,OTB,NO,17.108055555555552
SL27,PBNV,SSC,OTT,17.077361111111117
MFV Z510 DENNIS,OPUF,TBB,NO,16.825
NVO AMANECER UNO,EA4560,OTB,NO,16.80152777777778
JOAN DEL CUADRAT,EA3925,OTB,NO,16.791388888888886
GERMANS TRISCA,EA7450,OTB,NO,16.77013888888889
WESTBANK,DGWV,OTB,PTB,16.623194444444447
ISABEL MARTINEZ,EA5777,OTB,NO,16.58611111111111
F/V BOUGAINVILLE,FMAS,OTT,PTM,16.52791666666667
OSKARBI,EA9875,PS,NO,16.444166666666664
JOHANNA MARIA,PBRZ,TBB,NO,16.398194444444442
CLIPPERTON,SHKW,OTM,OTB,16.39680555555555
PUNTA DE`S VENT,EA4132,OTB,NO,16.389722222222225
BELL HORITZO,EA2542,OTB,NO,16.28638888888889
KEEN-TIED,DCBQ,TBB,OTB,16.212361111111115
MARJUPE SEGUNDO,EB6993,OTB,NO,16.17861111111111
MIZPAH,MKGG3,OTB,NO,16.142916666666668
DONATO PADRE,IRDT,OTB,GNS,16.12166666666667
FV DIRK SENIOR,PDPX,TBB,OTT,16.09375
MFV Z84 CALYPSO,OPDF,TBB,OTB,16.02222222222222
JENISKA,2EHY3,OTB,NO,15.890694444444444
YE 139 ELIZABETH,PDXB,TBB,OTB,15.885000000000005
FV TREVESSA IV PZ193,MGQN8,TBB,NO,15.870000000000003
FRIEDRICH CONRADI,DCVW,TBB,OTB,15.858472222222224
PEPITO LCHAVO II,EA7258,OTB,NO,15.748611111111112
F/V GROS LOULOU,FQTX,DRB,OTB,15.730277777777774
JUAN Y DOLORES,EA8014,OTB,NO,15.70208333333333
WLA-254,SPG2183,OTB,OTM,15.694861111111107
TULJAN DVA,9AA5632,PS,NO,15.690138888888889
REBECCA JENEEN OB-38,2BPM2,OTT,NO,15.569166666666662
PALOMA,DCEL,TBB,OTB,15.54402777777778
NUEVO GRAN PODER,EA4635,OTB,NO,15.543888888888889
F/V SOUVENIR,FI8100,GTN,GNS,15.522361111111113
N. ESTRELLA BAJOGUIA,EA7508,PS,NO,15.497916666666667
F/V DENIS ALEX,FP6430,OTM,OTB,15.493611111111113
F/V NEREIDES II,FV5289,GTR,GNS,15.445555555555543
F/V BARRACUDA II,FMIF,OTB,OTM,15.414722222222224
FN135 CARMICH,XP3605,OTB,NO,15.374999999999998
NIMROD III,MKYB5,OTB,NO,15.330000000000002
SILVIA PRIMERA,EA2927,OTB,NO,15.311527777777776
PINO LADRA,ECGJ,OTB,NO,15.31097222222222
ND19 TELSTAR,XP5378,OTB,NO,15.303611111111115
F/V MARANATHA II,FOOI,OTB,OTM,15.295694444444447
F/V MALUHEL,FVQE,OTB,NO,15.167222222222229
FD283 TRUI UAN HINTE,MFTX2,TBB,NO,15.051666666666668
UK153 LUB SENIOR,PCGC,SDN,OTB,15.021666666666661
CALOGERO VASILE,IWGK,OTB,NO,15.015
ALBERT WLA131,SPG2005,LLD,OTB,14.949583333333335
F/V CAYOLA,FIFX,SDN,OTM,14.93333333333334
CHRISTIN-BETTINA,DNRM,OTB,PTB,14.890694444444446
LL677 OCEAN,SGUN,OTB,OTB,14.880555555555558
NUEVO SAN SEBASTIAN,EA4155,LLS,FPO,14.843611111111116
FN 488 DORIS,5PNL,OTB,NO,14.780555555555559
JULIARTH,FT2360,OTM,OTB,14.707500000000003
NUEVO ANDRESIN,EA5720,OTB,NO,14.65069444444444
CACHARRO,EA2551,OTB,NO,14.617916666666668
GERDA BIANKA,DJIG,TBB,OTB,14.564722222222223
NG19 ELISABETH,DCGA2,TBB,OTB,14.518194444444445
VILLASELAN,EA3372,LLS,NO,14.501388888888886
FN 484 SPIRHOLM,5PTR,OTB,GNS,14.493472222222225
HG35 VENDELBO,XP4574,SDN,NO,14.444166666666666
LL775 RIO,SLMQ,OTB,OTB,14.369444444444442
F/V GAST MICHER,FHDI,TBB,DRB,14.310694444444445
IDA-KATRINE S84,OUNV,OTB,NO,14.277222222222223
VG55 INGAROE,SFB7784,OTB,OTB,14.261944444444442
F/V STENIA,FPUJ,GNS,NO,14.12125
QUARTO,IFJF,OTB,NO,14.054166666666667
MALIK,9A3058,OTB,PS,14.033055555555553
F/V KAXU,ECJT,OTB,PTB,13.96958333333333
F/V VIRTUOUS,EIDC6,OTB,NO,13.939166666666665
MFV Z15 ZILVERMEEUW,OPAO,TBB,OTB,13.904444444444449
Z189 CORNELIS GERRIT,OPHG,TBB,OTB,13.88847222222222
HG99 LINE DALSGAARD,XP2465,GNS,LLS,13.81875
WILHELMINA LT-60,MNDQ9,TBB,NO,13.785555555555558
DIEGO TERCER,EA8089,OTB,NO,13.780000000000001
FN 91 JANE OLSEN,XP9245,GNS,GNS,13.776388888888896
N79 WARRIOR,OPDA,TBB,NO,13.760694444444445
O.33 MARBI,OPBG,TBB,OTB,13.758888888888892
BARRACUDA,ISBA,OTB,LLS,13.60486111111111
F/V LA PRESQU`ILE,FSFW,DRB,TBB,13.590416666666666
TX 36 JAN VAN TOON,PEDH,TBB,NO,13.586666666666668
Z483JASMINE,OPTE,TBB,OTB,13.557499999999996
LUBIN 2,9AA6299,PS,GNS,13.556250000000002
MARISITA SEGUNDA,EA2759,OTB,NO,13.552222222222222
EMMAUS-- ----- -----,INHW,OTB,NO,13.540555555555551
F/V VIVALDI,FQLH,OTB,PTM,13.509305555555557
JONAS,DCEV,TBB,OTB,13.500138888888886
JOLIE BRISE,FI2793,GTR,FPO,13.440416666666671
HD30 FORTUNA,PCJZ,TBB,OTT,13.40986111111111
PREKO,9A9524,PS,NO,13.309027777777779
H CARRILLO VICTORIA,EA6043,OTB,NO,13.25611111111111
SARI.,EA3562,OTB,NO,13.217777777777778
GV ARDENT,GCFK,OTB,NO,13.197222222222225
SAO GONCALINHO,CUVN,OTB,NO,13.17263888888889
UK242 KLEINE JAN,PBAK,SSC,NO,13.145138888888885
SREBROPRUGAC,9A2847,PS,OTB,13.12791666666667
SURSUM CORDA UK-172,PHVB,TBB,OTT,13.106805555555555
NUEVO ANTEQUERA,EA6406,PS,NO,13.095555555555556
O39  METTE M,OUXU,OTB,NO,13.052916666666663
NUEVO CHAPARRO,EA4228,OTB,NO,13.049722222222222
SILBIA Y BENI,EA7451,OTB,NO,12.996250000000002
FN 445 CAROLINE,XP3270,OTB,OTB,12.982777777777782
GENNY,IFGM,OTB,PTM,12.936111111111117
MARIE-PIERRE-ANDRE,FW4022,OTB,NO,12.922500000000005
F/V MAYFLOWER,FP4294,OTB,PTM,12.83875
F/V CLAUDE LAURENT,FVPR,OTB,DRB,12.823611111111113
MARGARET OF LADRAM,2EWU9,TBB,NO,12.82333333333333
ANNA PIA,ITVG,OTB,PS,12.741388888888888
SHAULORA BF794,2KDQ,OTB,NO,12.641527777777782
MARIA GRAZIA,IORM,OTB,NO,12.597361111111114
OUR ANNA,MXHF6,TBB,NO,12.592500000000001
MENDANA,EAUW,OTB,NO,12.582361111111112
WLA-207,SPG2128,OTB,PTB,12.540416666666669
ORIZZONTE,ISMG,OTB,LLS,12.430972222222222
F/V LA SOUPAPE 1,FGPO,DRB,OTB,12.411944444444446
VICTORIA,DFJD,OTB,OTM,12.408055555555555
GIRA 1,9A8515,PS,NO,12.400277777777777
CUSTOS DEUS,OPWO,TBB,OTB,12.37416666666667
WLA-22,SPG2261,OTB,OTM,12.357361111111112
AMALIE BENJAMIN A59,OYKB,OTB,NO,12.302916666666668
ZODIACO,CUUX,OTB,NO,12.250972222222224
"LADY>HELEN,B24.<",2HHJ6,OTB,NO,12.21236111111111
XUQUER,EB4095,OTB,NO,12.149444444444445
M/P VINCENZO B,IOZV,OTB,PS,12.126666666666665
JAN BRUHNS,DETV,TBB,OTB,12.10986111111111
HORIZON2FR24,MHUH2,OTB,NO,12.066527777777777
S.ANNA,IJKQ,OTB,NO,12.05541666666667
FISHER GOLF,FUGD,OTB,PTB,12.046944444444446
ESMERALDA TERCERO,EA7329,GNS,NO,12.036666666666667
HM120 ASTORIA,OWBW,OTB,SDN,12.023888888888887
BATTELLIERE,ITFB,OTB,NO,11.955694444444443
LAUREL CY341,MQRE5,OTT,NO,11.922222222222222
NUEVO JUAN MELCHOR,EA5657,OTB,NO,11.861249999999998
ANNA CATHARINA,DIQQ,TBB,OTB,11.846249999999998
HM423 FRU MIDDELBOE,OXCN,SDN,OTB,11.843750000000002
HRVATSKI USPJEH,9A4675,PS,OTM,11.801527777777777
NOU-CAPDEPERA,EA2645,OTB,NO,11.799444444444443
GIRL RACHAEL,2GG05,OTB,NO,11.786249999999999
AS357 TRUTTE,5QTP,OTB,NO,11.733333333333334
DESTRIERO,IMUR2,OTB,LLS,11.725
F/V LAE DIVINE AMAN,FGA3999,DRB,LLS,11.721527777777782
Z98OPHOOPVANZEGEN,OPDT,TBB,NO,11.72083333333333
SAIBON LL1248,SHMI,OTB,OTB,11.636111111111111
OS CASTRO,ECEN,LLS,NO,11.581527777777778
LISA MARIE,OU7190,GNS,GTR,11.578055555555554
F/V MOR BREIZ,FMLZ,OTB,OTM,11.54833333333333
F/V VALPARAISO,FGSX,OTB,DRB,11.534722222222225
SD991 TAERNSKAER,SFC6451,OTB,OTB,11.517916666666673
GIADA,IQBU,OTB,PS,11.50291666666667
RK41,LZTQ,OTM,LLD,11.494305555555554
F/V ST JULES,FI2061,GTR,GNS,11.471805555555557
SIEMPRE BENYJOR,EA8601,GNS,NO,11.44277777777778
SOFIA FABIO,ILBU,OTB,PS,11.425000000000002
HERMANOS BOMBO,EA3117,OTB,NO,11.417083333333334
DUNBOY,EIGS4,LLS,LLD,11.353055555555557
SPIGOLA PRIMA,IRVK,OTB,PS,11.34472222222222
ATHENA,ITZL,OTB,NO,11.315277777777778
MOLACIMA,EA9998,OTB,NO,11.310833333333333
RINASCITA,ISPJ,OTB,PS,11.259166666666667
BRESO UNO,EADQ,LLS,GNS,11.213472222222224
BORA BORA,ILKG,OTB,NO,11.134444444444444
SAINT BRIAC,FW5319,GTR,GNS,11.108333333333333
VICENTE GIL,EA4956,PS,NO,11.065833333333332
NUEVO JAIME DAVID,EA6997,PS,NO,10.97861111111111
NVO ANTONIO FRANCISC,EA5210,OTB,NO,10.91847222222222
F/V NOMADE,FIJD,OTB,PTM,10.90013888888889
JOSE Y DOLORES,EB4077,OTB,NO,10.852500000000001
F/V P.JEAN TABOUREL,FHIF,OTB,PTM,10.759722222222223
SIGNORA,SFC6994,OTB,OTB,10.752222222222223
YOANN-JORDAN,FGE5099,PTM,OTB,10.750416666666666
JOSE MARIA HERNANDEZ,EA6772,OTB,NO,10.71402777777778
F/V L HEXAGONE,FG3173,GTR,DRB,10.709305555555554
CARMONA,SIHT,OTM,OTB,10.69875
FG-31 LYNGSKAR,SBTO,OTB,OTB,10.68888888888889
JOERN OLE,5QFC,OTB,OTB,10.66125
CONCETTO PADRE,IVUC,PS,NO,10.659444444444446
NONNO GILDO,IVUX,OTB,PTM,10.608194444444445
GILIJA,LYSK,OTM,NK,10.598055555555558
F\V AARON,FITY,OTM,OTB,10.58125
UQ 15 CAROLINE ELISE,PEZH,TBB,NO,10.574444444444444
JOLLY,IQSC,OTB,NO,10.565416666666668
NUEVO NARVAL,EB2588,GNS,GTR,10.560833333333333
NUEVO BRISAS,EA5026,LLS,NO,10.538750000000002
"RUNAVIK ""GG 44""",SCHB,OTB,OTM,10.489305555555555
FOZ DA NAZARE,CUPD,OTB,NO,10.487777777777776
LE SANS SPE II,FHZN,OTB,OTM,10.466527777777776
NANTIANE SU8,DJBB,TBB,OTB,10.438194444444445
LEB101,SPK2271,OTB,PTB,10.435694444444442
F/V EDOUARD-FRANCOIS,FVBZ,OTM,OTB,10.393472222222218
F/V MATTHIAS-THOMAS,FOVO,OTM,OTB,10.33541666666667
F/V ERIDAN,FHKW,OTB,OTM,10.29236111111111
LIS KATRINE RI192,XP3107,OTB,GNS,10.275972222222222
WL4 HENDERIKA,PCSS,TBB,NO,10.273888888888894
HM165 BRITTA,OU4034,GNS,LLS,10.223333333333334
Z59 RAQUEL,OPCG,TBB,OTB,10.18416666666667
NUEVO MARINA,EACS,OTB,NO,10.168333333333333
O.316 AEGIR,OPMD,OTB,NO,10.153888888888888
HERMANOS CAZORLA,EB4690,OTB,NO,10.133055555555556
TIHA,9A2332,PS,GTR,10.099583333333333
LA CREU,EA8500,OTB,NO,10.090416666666666
MFV CATHARINA,MRQY8,TBB,NO,10.039027777777779
OL12 DRIE GEBROEDERS,PDJQ,TBB,OTB,10.030833333333334
XAVI PRIMER,EA8015,OTB,NO,10.02736111111111
NUEVO ANTONIO GOMEZ,EA6721,OTB,NO,10.01888888888889
PIROLA,DCIL,TBB,OTB,10.00152777777778
UST-52,SPK2330,GNS,LLD,9.985138888888887
CU-CA,EA3134,LLS,NO,9.97597222222222
FN 72 NEBRASKA,OU5440,GNS,NO,9.975277777777777
NUEVO PUNTA NEGRA,EA3173,LLD,NO,9.974166666666665
TRAMONTANA I,IFSK,OTB,LLS,9.969305555555557
LAND WURSTEN,DEQW,TBB,OTB,9.945555555555554
ANTARES,FGA5825,OTB,DRB,9.929583333333333
MADSALUNE,OZZH,OTB,OTB,9.924861111111113
H14 FRU HANSEN,OWOJ,OTB,GNS,9.889027777777782
IVANA I,9A3020,OTB,NO,9.888194444444446
VELA GALLEGO DOS,EA3200,OTB,NO,9.872361111111111
ULLA     RS122,OU6514,OTB,NO,9.818749999999996
COURAGEOUS,EIGP4,OTB,NO,9.811249999999998
VALERIA SECONDO,IXPR,OTB,GNS,9.788888888888888
NUEVO PACO JOSE,EA6022,OTB,NO,9.726527777777777
HORIZONT,DCMU,TBB,OTB,9.720833333333335
EL COMIA,EA8503,PS,NO,9.712361111111111
HEADWAY UL3,MADX8,OTB,NO,9.704166666666667
F/V THIERISA,FMIO,OTB,DRB,9.70236111111111
HERMANOS CERVILLA,EA5467,PS,NO,9.686527777777775
H440 BODOE,5QJD,OTB,GNS,9.635972222222227
THESEUS,SMIB,OTM,OTB,9.61388888888889
F/V RUPELLA,FUNH,OTB,OTM,9.59708333333333
WLA-65,SPG2295,OTB,LLS,9.518055555555554
F/V MARIE-CATHERINE,FHIG,OTB,OTM,9.495972222222221
WLA-197,SPG2347,PTB,OTB,9.473472222222227
F/V VIDA,FRAG,OTM,OTB,9.41888888888889
SD262 CARONA,SIKA,OTB,OTB,9.41805555555556
NUOVO EURIPIDE,IPMZ,OTB,LLS,9.410972222222222
TONI PRIMERO,EA7968,OTB,NO,9.37263888888889
SD 475 HAVBRIS,SIGC,OTB,NO,9.37125
ELVIRA MADRE,ISXQ,PTM,NO,9.37013888888889
ZLATOPRUZICA,9A3229,OTB,NO,9.361805555555556
F/V ARC EN CIEL,FIKA,OTB,PTM,9.331944444444446
GIOELE,ISFR,OTB,NO,9.324583333333335
ST2 BOREAS,DJBC,TBB,OTM,9.271666666666667
F/V SWI-7,SPS2348,OTB,OTM,9.228611111111112
L OGIEN,2DXS3,OTB,NO,9.196250000000001
F/VGLORIEVIERGEMARIE,FMGY,PTM,OTB,9.19138888888889
HM335 FLIPPER,OXAU,OTB,NO,9.129722222222224
NUEVO CAMARROJAS,EA8669,PS,NO,9.12861111111111
PROFETA,IYJE,OTB,PTM,9.105694444444444
ALESSANDRO N,INHA,OTB,PTM,9.103055555555555
BRUNO ZENNARO,IIMB2,OTB,PTM,9.065138888888887
ODIN,DCBG,TBB,OTB,9.038333333333334
L`AVVENIRE,IWIX,OTB,NO,9.037500000000001
INSUA DE AREA,ECKB,LLS,GNS,9.025
DENIS,9A3815,PS,GNS,8.960833333333335
AUGUSTA ZENNARO,IIMC2,OTB,PTM,8.868333333333332
KARLSO,SBVO,OTB,NO,8.855555555555553
LA GELTRU,EA6491,OTB,NO,8.842083333333331
ST. ANTHONY,OXQB,TBB,NO,8.769861111111112
ROSWIETHA,DCDM,TBB,OTB,8.74861111111111
PEPITO BARBA,EA3610,OTB,NO,8.743194444444445
WLA-196,SPG2392,GNS,LLD,8.729444444444445
PUERTO BONANZA TRES,EA2267,OTB,NO,8.682222222222224
LENE FISKER HG 19,5QGZ,OTB,GNS,8.679166666666665
F/V KALAMENDI,EAXJ,OTB,PTB,8.678750000000003
HNOS ISTILLARTY,EA7735,GNS,NO,8.671805555555556
BRIGHT RAY LH163,MUEX,OTB,NO,8.664583333333331
HG 398 NITRIME,XP3179,OTB,SDN,8.664166666666667
SCOTIA BF32,MXHT6,OTB,NO,8.661805555555555
S509 ANKADU,OU3488,GNS,LLS,8.618611111111113
PELAGOS I,9AA6197,PS,OTB,8.592638888888889
UK456 MARIE-JOSE,PBQF,TBB,NO,8.571944444444444
LA MAR,EA9052,OTB,NO,8.559583333333334
HM379 LINGBANK,OYNB,OTB,NO,8.54
SH.4.THOMAS.BACH,DMIZ,OTB,OTM,8.521944444444445
ENJUVIC,EA9255,OTB,NO,8.488055555555556
DE LA MORENA,EA3454,OTB,NO,8.48375
MACKA,9A7610,PS,OTB,8.479722222222222
NORLAN BF362,MYRI6,OTB,NO,8.385972222222223
Z525 SYLVIA MARY,OPUU,TBB,OTB,8.369305555555554
F/V YANNICK,FHFP,OTB,OTM,8.35847222222222
MISTRAL,IZQJ,OTB,PTM,8.331666666666669
AUDACE,ITHX,OTB,PTM,8.299722222222224
VG 40 NORDVAAG,SKRM,OTB,NO,8.253194444444444
PRIMO,IRXU,OTB,NO,8.237916666666665
MARE PRIMO,IJRL,OTB,NO,8.213888888888889
ARCOBALENO I,IFQU,OTB,NO,8.17722222222222
ROYAL,EA7653,OTB,NO,8.149722222222223
GV SWIFT SHORE,2JAH,OTB,NO,8.138333333333334
VEGA,IFNN,OTB,PTM,8.095416666666669
F/V BIEN FAIRE II,FHMX,PTB,OTB,8.08763888888889
F/V G IMMACULEE,FMGX,PTM,OTB,8.042222222222222
STELLA,FVXC,GTR,DRB,7.977638888888889
MAR DE ALBA,EA7679,PS,NO,7.970138888888888
SOREN STRANDBY,OXPM,OTB,OTB,7.957361111111112
GDA-18,SPG2411,OTB,OTM,7.944583333333332
ANTARES I,IVBJ,OTB,LLS,7.909305555555555
AGOSTINO PADRE,ILTA,OTB,LLS,7.889999999999999
GERMANS ANTO,EB7742,OTB,NO,7.87527777777778
F/V LA NIOULARGUE,FOBM,PTM,OTM,7.84638888888889
LL784  LITTORINA,SHIL,OTB,OTB,7.825000000000003
NONNO BRANDO,IRNJ,OTB,PTM,7.768888888888887
ALEMAX GT,IKLX,OTB,LLS,7.753333333333333
F/V L`ENTETE,FHAC,GTR,GNS,7.687222222222222
IMPERO II,IKMT,OTB,PTM,7.665833333333335
BOZO,9A8513,PS,NO,7.650138888888888
FRIDA,IUXA,OTB,NO,7.6184722222222225
ITALIA II,IOHN,OTB,NO,7.616805555555557
F/V MONTELOURO,EASH,OTB,NO,7.5775
F/V LA SERVANE,FMHH,OTT,OTM,7.569861111111113
NJORD,FAC3054,DRB,OTB,7.565416666666667
F/V BARBUN VN79-79,LZH2937,OTM,GNS,7.4830555555555565
J-SEA,2FFN9,DRB,TBB,7.480694444444448
M JERUP,XP2359,OTB,NO,7.404722222222222
OSCAR,IJXY,OTB,PTM,7.402777777777777
ODYSSEUS,DCFP,TBB,OTB,7.400694444444444
NUEVO MALAGA,EC2442,PS,NO,7.375138888888889
HM406 LISE LONGLINER,OU6882,GNS,LLS,7.361111111111111
METTE JUUL HM84,OUQE,GNS,SDN,7.354444444444445
MANEL I PILAR,EA5215,OTB,NO,7.347083333333332
ALBINO TANFA,IKKR,OTB,PTM,7.319861111111111
UK5 VANTAGE,PCMX,TBB,OTB,7.281805555555556
ORION,DCFM,TBB,OTB,7.275833333333332
PLAYA DE ARBEYAL,EA3510,LLS,NO,7.2622222222222215
OSPREY,IMOL2,OTB,PS,7.208194444444444
TENACE,IMBQ,OTB,NO,7.199027777777779
UK264 ANNE MATTHEA,PD4226,GNS,OTB,7.181944444444444
MILTON,SLYQ,OTB,OTB,7.16861111111111
JAS 76,SPG2536,OTM,OTB,7.131111111111112
F/V AILLY,FW9535,OTB,PTM,7.125972222222225
SARA,IWCV,OTB,NO,7.112499999999999
BAIA DA MAIA,CUCZ6,LHP,LLD,7.10888888888889
VIBEKE BRAM,OWWA,GNS,NO,7.107361111111112
NUOVO VINCENZO PADR,IVON,OTB,PS,7.102777777777778
ADRIATICA 1,IKMT,OTB,PTM,7.093472222222222
ANDREA,DNRI,OTB,PTB,7.084722222222222
MEDUNA,9A6594,OTB,DRB,7.077361111111114
FRANCISCO Y MIRIAM,EA3478,PS,NO,7.065833333333332
NOA,9AA5333,PS,OTB,7.03875
RONALDO,ISYG,OTB,PTM,7.0175
MEDUZA,9A7228,OTB,PS,7.016527777777778
F/V MARJOHEL 2,FU5512,GNS,GTR,6.975972222222222
HEL 112,SPG2601,OTM,OTB,6.959166666666666
SIRIUS,DJAM,OTB,PTB,6.95875
F/V LE CROISICAIS,FGA5974,OTB,DRB,6.945138888888889
HERMANAS DOMINGO,EA3685,OTB,NO,6.911111111111112
MAURO II,INSL,OTB,NO,6.8893055555555565
STELLA MARIS,IWLZ,OTB,PS,6.888888888888886
N350 INGRID,OPNL,TBB,OTB,6.863888888888889
FRECCIA,INKZ,OTB,LLS,6.833888888888889
MARIO TANFA,ITCO,OTB,PTM,6.832638888888888
SOLEA,DDIX,TBB,NO,6.816250000000001
ANTARES,DJRM,OTB,PTB,6.795972222222222
DESTRIERO,ILAQ,OTB,PTM,6.757916666666667
F/V OISEAU D TEMPETE,FHGL,GTR,GNS,6.7451388888888895
KETTY,IORJ,OTB,NO,6.716388888888888
SPERBER,DCTH,TBB,OTB,6.652083333333334
CORMORANO,IKTE,OTB,PTM,6.64847222222222
CAPRICHOSA DOS,EB6624,GNS,GTR,6.5865277777777775
PILAR RUS,EA7289,OTB,NO,6.564722222222224
F/V CATHERINE PHILIP,FPIR,DRB,OTB,6.521944444444444
SEA HARVESTER N822,MZWP,OTB,NO,6.521249999999999
CRISTO DEL SOCORRO,EA5365,LLS,NO,6.520694444444445
NEW DAWN,MPVR9,OTB,NO,6.520277777777777
WLA 51,SPG2034,PTB,OTB,6.4733333333333345
F/V LES MISERABLES,FQSX,GNS,GTR,6.473055555555557
F/V L`HORIZON 1,FHGC,OTB,DRB,6.466388888888889
HEL-102,SPG2382,OTM,OTB,6.4466666666666645
OBBEDISCO,IMMI,OTB,PTM,6.435138888888888
RAUL PRIMERO,EADZ,LLS,GNS,6.414027777777778
F/V MARE LIBERUM,FVHW,GTR,GNS,6.396111111111111
ORIENTE,INPC,OTB,LLS,6.382222222222221
LA VALLESA,EA9112,OTB,NO,6.36513888888889
F/V BUCCIN,FIJK,OTB,PTB,6.352777777777778
F/V POINT FINAL,FGA4530,GTR,LLS,6.349861111111111
AMANDA II,OU5973,GNS,NO,6.306111111111111
AURORA,IUJQ,OTB,PTM,6.290277777777774
FV ADMIRAL GRENVILLE,ZNUC2,TBB,NO,6.2773611111111105
UK 184,PEAS,TBB,OTB,6.264583333333333
F/V JADE 2,FG8288,DRB,TBB,6.233472222222223
CHARLY DIEZ,EB5780,LLS,FPO,6.231111111111111
KRAPLJUN,9AA4506,OTB,LLS,6.216527777777777
MIGUEL Y CRISTINA,ECDC,OTB,NO,6.20138888888889
FN 81 BETINA KRUSE,XP4792,OTB,GNS,6.1759722222222235
NUOVA GIOIOSA,IVPF,OTB,NO,6.142638888888888
L`ILLETA D`ALTEA,EBTW,OTB,NO,6.129305555555557
WLA 253,SPG2182,OTB,OTM,6.120972222222222
GO-37 EBEN HAEZER,PECI,TBB,OTB,6.103472222222222
MARY KATE,EIDY9,TBB,OTB,6.080555555555555
HEL-111,SPG2544,OTM,OTB,6.043055555555558
OBLIC,9AA5668,OTB,GTR,6.042500000000001
F/V RANGIROA,FQSV,OTB,OTT,6.035416666666667
F/V L EUROPE,FWEV,OTB,OTM,6.024999999999999
MARILIBERA,IRAF,OTB,GND,5.99861111111111
LAURA MARINA,IFDH,OTB,NO,5.997222222222221
REX,IFWU,OTB,LLS,5.979305555555555
S.MAZZOLA,IJYF,OTB,PTM,5.975833333333332
WLA 31,SPG2624,OTB,PTB,5.974166666666667
UK45 JACOB WILLEMINA,PDCV,TBB,NO,5.95875
F/V L`AS DES AS,FHXS,OTB,GNS,5.946666666666666
F\V PICO-DA LEBRE,EB7323,LLS,NO,5.913333333333333
ARTURO,IJSZ,OTB,NO,5.8983333333333325
THE WAY,MIFN,OTB,NO,5.87027777777778
F/V DON LUBI II,FI5475,GTR,GNS,5.838472222222222
LEB 62,SPK2022,OTB,OTM,5.822916666666666
R 261 LOUISE,XP3668,OTB,NO,5.782361111111111
ISABEL Y ANDRES,EA2246,OTB,NO,5.768055555555555
LL470 STARLET,SIMH,OTB,NO,5.740972222222223
F/V LE FRANCE,FIIV,OTB,DRB,5.730833333333334
HERMANOS HDEZ.GARCIA,EA7157,OTB,NO,5.726666666666667
JAS-74,SPG2357,OTB,LLD,5.700138888888888
METTE PIA,XPIC,GNS,GNS,5.687638888888888
NUEVO HERMANOS RABAL,EA4622,PS,NO,5.641250000000001
FRA SANTO,IJSH,GNS,NO,5.617222222222222
MONTE Y SABINO,EA2530,PS,NO,5.61
DORIANO T.,IWPK,OTB,PTM,5.586805555555556
F/V SACHA LEVY,FGJN,OTB,OTM,5.583194444444444
F/V CAMALEA,FPSW,OTB,DRB,5.574999999999999
WESTBOUND,EI5958,OTM,OTB,5.567222222222222
F/V GEORGES LUCIEN,FO2442,OTM,OTB,5.566944444444445
REISINO,EA4437,GNS,GTR,5.536388888888889
J.VON COELLN.NC 308.,DHMC,OTB,OTM,5.53361111111111
F/V LES HANOIS,FGCG,OTB,OTM,5.5270833333333345
NUEVO CALA GRANDE,EA5721,PS,NO,5.524583333333333
Z333 AVATAR,OPMU,TBB,NO,5.502777777777777
WLA 250,SPG2179,OTB,OTM,5.471666666666667
WR108 STELLA-MARIS,PEBX,OTT,TBB,5.455138888888888
HM289 CYRANO,OVYL,OTB,NO,5.439166666666667
VALENSCILLIA,FG5972,DRB,TBB,5.428194444444444
F/V ROSEAU DU LAC,FHMW,GTR,GNS,5.404166666666668
HNOS FUENTES TRES,EB2232,PS,NO,5.383611111111111
CIUTAT DE MAO,EA7777,OTB,NO,5.349861111111112
CASPER T,XP2753,GNS,OTB,5.3375
SAMUEL RUSO,EA6981,OTB,NO,5.321666666666667
HLAP,9AA6981,PS,NO,5.308194444444444
AMANECER,EAEP,LLS,FPO,5.281249999999998
GG 879 HANNA,SFC9228,LHP,GND,5.27013888888889
F/V LE REQUIN BLEU,FVDD,GNS,GTR,5.242222222222221
JONATHAN Y ALBA,EA5179,PS,NO,5.205277777777779
GABRIELA Y MARIA,EAMU,LLD,NO,5.185138888888889
Z181 DUBBELE SENIOR,OPGY,OTB,TBB,5.171666666666666
HANNE,OU7604,OTB,NO,5.139027777777778
HG 100 NOOMI,OX2809,OTM,OTM,5.127777777777778
NUEVO PALOMA DIVINA,EA3010,PS,NO,5.0377777777777775
ANNE-GRET,DIYM,TBB,OTB,5.035277777777778
CASAL NOVO,EA6387,PS,NO,5.029027777777777
GAVINA,CUTT4,LHP,LLS,5.027777777777779
KEEN TIED,DDEW,TBB,OTB,4.9998611111111115
F/V MOGALOWEN,FQ3102,OTB,DRB,4.991805555555556
METEOR,DIJM,OTB,PTB,4.955972222222221
POSEIDONE,IQIK,OTB,NO,4.954027777777781
PERLA NERA,IUNO,OTB,TBB,4.93861111111111
PERFETTO,ITVT,OTB,NO,4.924027777777775
UK197 NOORDERLICHT,PGHQ,TBB,OTB,4.903055555555554
ESPERCALP,ECAX,OTB,NO,4.902083333333334
MINONES,EB3077,PS,NO,4.890694444444444
FAIRWAY II,MXOR6,OTB,NO,4.823888888888889
NONNA NORMA,ILRW,OTB,GNS,4.797777777777778
F/V LE JOKER,FHZM,PTM,OTB,4.7488888888888905
SATURNO,IVEA,OTB,NO,4.74
M\P BEATO PADRE PIO,INHJ,OTB,PS,4.739027777777777
MOSTRILLO,IKIC,OTB,NO,4.720972222222221
TX29 HELENA ELIZABET,PEPO,TBB,NO,4.7195833333333335
F/V NOMINOE,FGUU,OTB,OTM,4.692361111111111
FRANCESCO B.,ISBI,OTB,PS,4.686250000000002
G.V. ANTARES,2TML,OTB,NO,4.686111111111113
LL110 KLINGERO,SFB6367,OTB,OTB,4.681111111111112
NEPTUNO DIOS MAR,EA5970,OTB,NO,4.659583333333333
L162 KASPER O,XPB2386,GNS,LLS,4.640138888888888
ANGUS ROSE 3,MUSH,OTB,NO,4.617916666666667
F/V FRISBY,FGLS,OTB,OTM,4.598888888888888
VN 2998,LZH2853,GNS,OTM,4.564027777777779
VICHINGO,IOBK,OTB,NO,4.559305555555555
LONE,OZUH,OTB,OTM,4.558055555555555
F/V MEDITERRANEE,FHFK,OTM,OTB,4.5475
ISABELLA,IOWM,OTB,NO,4.53875
GIRONIMO,INNK,OTB,NO,4.4719444444444445
F/V REVE DE MOUSE,FZWT,OTB,DRB,4.456666666666668
GIANNI RIVERA,IMQF,OTB,PTM,4.442777777777779
TONI SEGUNDO,EA2924,OTB,NO,4.437083333333334
LA SARDANE,FO4883,PS,GNS,4.436805555555556
FV FRUITDELAPASSION,FU7471,GTR,LLS,4.420416666666666
GIUSEPPA MADRE,IOWH,OTB,LLS,4.412499999999999
F\V MAJESTY,FGNO,PTM,SSC,4.386388888888889
PORTOSIN DOS,EA7122,PS,NO,4.305694444444445
F/V BAVOLETTE 2,FJ4230,OTB,DRB,4.260694444444444
MASSIMO TANFA,IZMX,OTB,NO,4.2444444444444445
F/V KUNGSOE,SMUY,OTB,NO,4.211527777777778
ZEUS,IKUF,OTB,LLS,4.207222222222223
F/V LAURALEX,FU9091,OTB,DRB,4.190555555555556
TRITONE,IMMX,OTB,NO,4.189861111111111
UK176 VERWACHTING,PIGF,TBB,NO,4.180833333333333
EVELINA  FG37,SEUI,OTB,NO,4.1779166666666665
CALI UNO,EBSR,LLS,GNS,4.1537500000000005
WESTBANK,OXRG,OTB,LLS,4.152083333333333
F/V RAYMOND ELISE 4,FQDX,OTM,OTB,4.127777777777778
MP MARGHERITA,IXPE,OTB,PS,4.117500000000001
NUEVO ATXARRE,ECFY,PS,NO,4.116805555555556
ANDREA,S5K2117,OTB,DRB,4.103472222222223
RED FISH,IIFM2,PS,LLS,4.072638888888888
F/V MON AVENTURE,FUZC,OTB,DRB,4.054027777777778
F\V CAP NORD,FNLM,OTB,OTM,4.04625
TX-43 BIEM V/D VIS,PFBS,TBB,NO,4.028611111111111
VALNOBOR 3,LZH2469,OTM,GNS,4.020416666666667
NAPOLEONE,IKSE,OTB,PTM,3.9934722222222208
F/V MAR DA GALEGA,CUFA5,OTB,NO,3.991805555555555
ARNBORG LK172,2FWR,OTB,NO,3.9762500000000003
VALERIO,ILHU,OTB,NO,3.9716666666666662
F/V ANTAEUS,FGCB,OTB,NO,3.9666666666666663
S521 FRISK FISK,XP3466,OTB,GNS,3.9633333333333334
WLA-67,SPG2158,OTB,OTM,3.9562499999999994
SVETA ANNA 1,LZH2975,GNS,OTM,3.9379166666666667
MEDAN,EBZO,OTB,NO,3.933194444444444
FRANCESCO DORIA,IMJF,OTB,NO,3.9162500000000007
F/V NEW LOOK,FVRC,OTB,DRB,3.8876388888888886
FRANCISCO Y MILAGROS,EA5880,PS,NO,3.8748611111111106
WLA 11,SPG2031,PTB,OTB,3.861805555555555
KURFUERST,DJWH,OTB,PTB,3.856111111111112
SINGAPORE,SFC8804,OTB,OTB,3.8549999999999995
WILMA II,IMRH,OTB,PTM,3.829027777777778
MFV N116 NOSTALGIE,OPEL,TBB,GNS,3.825277777777777
F/V YANN DEVI II,FVFK,OTB,PTM,3.800555555555556
NANTIANE,DLYL,TBB,GNS,3.794305555555556
HNOS PLOMER ANGLES,EA3288,PS,NO,3.7890277777777777
F/VEXOCET,FU9066,LLS,GNS,3.7856944444444447
VILA DE PALAFOLLS,EA3123,PS,NO,3.785555555555556
ANASTASIA,IRAV,OTB,PS,3.7775000000000003
EQUINANDRA,FGE3020,OTB,DRB,3.7654166666666664
OCEAN ENDEAVOUR,MQNZ8,OTB,NO,3.7497222222222217
HERMANOS BUSTO,EAMA,LLS,GNS,3.7431944444444447
LL338 TERNO,SFAG,OTB,GND,3.735833333333334
F/V KOL-32,SPK2347,OTB,OTM,3.7034722222222234
TX3 BIEM JAN,PCGA,TBB,NO,3.658333333333333
O187 GRIETJEHENDRIKA,OPHE,TBB,OTB,3.645833333333333
F/V PAPI PAUL,FVFG,PTM,OTB,3.6408333333333336
JUAN Y ANGELA,EA6533,OTB,NO,3.6079166666666667
ABOUT TIME,MJUR5,OTB,NO,3.5931944444444435
SIN KALI,9A2495,PS,NO,3.5293055555555557
HOFFNUNG CUX10,DESX,TBB,OTB,3.5277777777777777
AUGUSTO.B,IKME,OTB,PS,3.523888888888889
HG161 BOSSEN&BUMSEN,OU7396,GNS,OTB,3.5211111111111117
JAS 61,SPG2237,OTB,GNS,3.51861111111111
BEDIA,EA3518,GNS,NO,3.5181944444444446
PRIMROSE,EIFB9,OTM,NO,3.4779166666666663
F/V LA MORDOREE,FGIA,OTB,PTM,3.476111111111112
GURE ITXAS BEGI,EA2757,LLS,NO,3.468472222222222
PRAIA DO TOURO,ECLS,OTB,NO,3.4472222222222224
ZAFFIRO,IRIZ,OTB,PTM,3.419583333333333
RAMONA CUX 9,DFNZ,TBB,OTB,3.4079166666666665
F/V SCAPULAIRE,FG8287,OTB,OTM,3.407638888888889
F/V LOU SETORI 2,FU4040,OTM,OTB,3.3644444444444446
GG451 MIA,SFC2361,OTB,GND,3.3626388888888887
NUEVO HNOS SUAREZ,EB4651,LLS,NO,3.35375
F/V  SIMPLON,PCFG,SDN,OTB,3.315972222222222
GG707 ARKOE,SCML,OTB,OTB,3.3120833333333337
CHARLOTTE P  FN 131,XP2207,OTB,NO,3.2625
WLA 108,SPG2616,OTB,OTM,3.2416666666666663
WLA-291,SPG2441,OTM,OTB,3.2333333333333343
VG 1 FALKEN,SKOQ,OTB,OTB,3.2293055555555554
"""DESTINY"" BRA4",DMHJ,TBB,OTB,3.21
LOBO MAR PRIMERO,EA4488,OTB,NO,3.1849999999999996
F/V LA NOUNOUTE,FORF,DRB,TBB,3.117916666666667
DESSES DES MERS,FW8851,OTB,OTM,3.1168055555555556
JAS-12,SPG2235,OTB,LLD,3.102083333333334
F/V BIKAIN,FICM,OTB,NO,3.090416666666666
BELLA-EMIL,XP4678,OTB,NO,3.0868055555555562
NUEVO SAN MATEO,EA3190,PS,NO,3.080833333333334
MONTSERRAT PRIMERO,EA3573,OTB,NO,3.0799999999999996
PORT ALFACS,EA8618,OTB,NO,3.0655555555555556
F/V MASSABIELLE,FJ8007,DRB,OTB,3.052916666666667
CIUTAT TARRAGONA 1,EA5936,PS,NO,3.052777777777778
THOMAS BILLY,OWCL,SDN,NO,3.0318055555555556
SC35 JACOB-SENIOR,DIRY,TBB,PTB,3.0193055555555546
RICCARDO T,INGW,OTB,PTM,3.012916666666666
ACORN INS237,MNMK,SSC,NO,3.01
F/V SEBASTIEN IX,FGSE,GNS,FPO,2.9955555555555557
WON50 BRIES,PIBP,TBB,NO,2.9847222222222225
LILY TOM II,EIMM7,GND,GNS,2.977222222222222
ANDREA M,ISHS,OTB,PTM,2.939305555555556
AURUM,IFVQ,OTB,LLS,2.9380555555555556
CHRISTINA PAULSEN,OUKL,SDN,NO,2.9081944444444447
CODITREMULLA----,FS5650,OTB,NO,2.885138888888889
VALENCIA FILGUEIRA,EA9672,LLS,NO,2.854861111111111
TUKU TUKU,EBXE,PS,NO,2.8526388888888885
GG 201 BRAVIK,SKWE,OTB,NO,2.830694444444444
ENSENADA DE BUEU,EBVI,OTB,NO,2.8208333333333337
ER PIU,ITTP,OTB,PS,2.8193055555555553
SOTO DURAN,EA5139,PS,NO,2.8165277777777775
UK19 MARJA NETTY,PFVC,TBB,NO,2.811111111111111
NORDSTROM I,DCIO,TBB,OTB,2.7915277777777776
R.CONCEPCION SEGUNDO,EA2904,OTB,NO,2.786388888888889
F/V BLACK PEARL  1,FHGH,OTB,DRB,2.782777777777778
WLA-305,SPG2448,OTM,OTB,2.7679166666666664
NUEVO BATABANO-PRIME,EA5102,LLS,FPO,2.7397222222222224
WLA 60,SPG2151,GNS,LLS,2.727638888888888
SUNNANLAND,SMPD,OTM,PS,2.7266666666666666
MARTHA BRUHNS,DQQJ,TBB,OTB,2.704722222222222
EL CHUMBO,EA8310,PS,NO,2.6975000000000002
GIUSEPPE PADRE II,IZJZ,PS,NO,2.684027777777778
F/V-BONNE-CHANCE,EI6880,OTB,NK,2.6629166666666664
R 218 JUDITH BECHMAN,OWRY,OTB,OTB,2.6625
OCEAN ONA,EA8703,LLS,NO,2.650416666666667
KENNEDY,SDLE,OTB,OTB,2.6441666666666666
ROCKALL,OXNN,OTM,OTB,2.6208333333333336
KIRIL 45,LZUS,OTM,GNS,2.6123611111111105
ROSMARI I,EA3645,OTB,NO,2.6095833333333336
XAONELL,EA3751,OTB,NO,2.5552777777777775
F/V BASSE GOUACH,FG2780,PS,NO,2.5424999999999995
F/V SCARAMOUCHE,FVNG,OTB,DRB,2.542361111111111
OUR OLIVIA BELLE,MLBL5,OTB,NO,2.539444444444445
F/V JP LE ROCH,FIUL,OTB,OTT,2.535833333333333
SLESVIG,OU7930,OTB,NO,2.5286111111111107
F/V LE GRANVILLAIS,FW9779,OTB,DRB,2.5179166666666664
JAS-64,SPG2374,OTB,LLD,2.484027777777778
LA SEU,EA7477,OTB,NO,2.483194444444444
TX 94 AVONTUUR,PCWO,TBB,NO,2.449305555555556
NUBE BLANCA,EB5305,OTB,NO,2.426527777777778
PLAYA TORRENUEVA,EA2411,OTB,NO,2.4212499999999997
F/V P`TITE CHLOE,FI6081,GTR,FPO,2.3920833333333333
KAPETAN MARIN,9AA6318,PS,OTB,2.38875
POLAR,SKGQ,PS,OTM,2.3712500000000003
MFV RANIA,P3WS8,OTB,NO,2.3569444444444443
WLA-209 BLANKA,SPG2130,OTB,PTB,2.3465277777777773
MASUN,9A3439,PS,NO,2.3362500000000006
GV GLEANER CN777,MGGH9,OTB,NO,2.334583333333333
ETERNAL DAWN,EI8173,OTB,OTM,2.328333333333333
NUEVO BACALAO,EA5227,PS,NO,2.2973611111111114
F/V CELTIC-WARRIOR 2,EILM4,OTB,PS,2.2761111111111116
NICHLAS,XPC4746,GNS,GNS,2.2419444444444445
HEL-150,SPG2009,OTM,OTB,2.221805555555555
ILLIRIA,IKNC,OTB,NO,2.2156944444444444
F\V MANOOTCHE,FG8312,TBB,OTB,2.1920833333333336
CHO  DIEGO,EA3144,LLS,FPO,2.1598611111111112
SANCTA MARIA,2FOV7,OTB,NO,2.1572222222222224
RENAISSANCE,EI8111,OTB,OTM,2.146111111111111
F/V L`ANTON RACHOU,FPKJ,OTB,DRB,2.1318055555555557
F/V MEABAN,FTNU,GNS,GTR,2.124722222222222
MARINO,SFB7783,FPO,GNS,2.1194444444444445
TS-9 TRIX,PIAZ,TBB,NO,2.115555555555556
ARDITO II,IJBM,OTB,NO,2.102361111111111
NUEVO MIRAMAR,EA5736,PS,NO,2.0965277777777778
SALVADOR I,IWGP,OTB,NO,2.077777777777778
JOSE Y DOLORES,EA3598,PS,NO,2.055555555555556
FRATELLI LITRICO,IWTL,OTB,PS,2.0429166666666667
F/V FER DE LANCE,FIPC,OTB,DRB,2.0334722222222226
KOL-180,SQOS,OTB,OTM,2.031527777777778
NUEVO PESQUERO LIJO,ECOA,OTB,NO,2.0219444444444443
GUIDO DAVIDE,IWPV,OTB,GNS,2.0079166666666666
MA DESIRADE,FAD5096,DRB,OTB,1.9911111111111115
NAUTIC,SLMB,OTB,NO,1.986527777777778
GABBIANO,IMGL,OTB,PS,1.9813888888888886
XEOS,EHUE,OTB,PTB,1.9690277777777774
F/V AN DAOUZEG ABOST,FIMA,OTB,PTM,1.9618055555555556
CHA-VEIGA,EA5889,PS,NO,1.95875
GOLDEN BELLS OB192,MALA7,OTB,NO,1.958333333333333
F/V ARMANDECHE,FGLQ,GTR,GNS,1.9534722222222223
ANTARTIDE,IYUB,OTB,NO,1.9527777777777777
ENCARNA Y MIGUEL,EA3323,PS,NO,1.9001388888888888
FRAGRANT CLOUD,EI2495,OTM,NO,1.8897222222222219
BRESSAY-BANK PAIR TR,FPTA,OTB,OTM,1.8859722222222224
AGARIMO DOUS,EA2933,PS,NO,1.8841666666666668
NUEVO ALMAR,EA7829,PS,NO,1.8763888888888889
O`ORIENTE,EA3196,PS,NO,1.8618055555555553
HERMANOS BRULL VILA,EA8456,PS,NO,1.86125
SANTUARIO BARQUERENO,EARU,LLS,FPO,1.8594444444444447
WLA-84,SPG3578,OTB,OTM,1.8184722222222223
CETON,OYEC,OTM,PS,1.8156944444444445
HM555 KINGFISHER,OVQL,OTB,NO,1.8033333333333332
AVI SALVADOR,EA6682,OTB,NO,1.802638888888889
F/V.WLA-311,SPG2273,OTM,OTB,1.7974999999999999
F/V BELLE ILE 2,FMJY,OTB,OTM,1.793611111111111
F/V MARIE GALANTE,FHMM,OTB,DRB,1.779861111111111
EMMANUEL,IOMR,OTB,NO,1.7706944444444446
FLAMINGO,DCFW,TBB,OTB,1.7626388888888886
DESTRIERO 1,IQHQ,LLS,GNS,1.7537500000000001
PAREDES GARCIA,EA2886,PS,NO,1.7506944444444443
GIUBILEO,IPNH,OTB,GNS,1.7393055555555559
PETER PAN,9A7677,OTB,NO,1.7166666666666663
DVA BRATA,9A3231,OTB,FPO,1.6927777777777777
TEIXIDOR,EA6718,OTB,NO,1.680972222222222
F/V OBELINE,FLLV,OTB,DRB,1.678888888888889
L 625 MARITANA,OVZF,GNS,OTB,1.6747222222222224
TECELANA,EA6895,PS,NO,1.6602777777777777
NVO HORIZONTE ABIERT,EAQZ,PS,NO,1.6441666666666666
F/V TIGER`S 2,FIAV,OTB,OTM,1.6425
VICTORIA TERCERO,EA2896,LLS,FPO,1.6419444444444444
ENZA PAOLA,IKYK,OTB,LLS,1.6402777777777775
LEOVITO,IFLG,OTB,NO,1.6247222222222222
JAS57 MAGDALENA,SPG2599,OTB,LLD,1.6229166666666668
DAR-119,SPS2085,OTB,OTM,1.6183333333333334
MFV KAREN N PZ10,MREP7,TBB,NO,1.6158333333333337
UK47 IEDE KORNELIS,PEVQ,TBB,NO,1.6086111111111108
WR23DEVROUWGEERTRUID,PDPO,OTT,TBB,1.6
DEARBHLA,EIDT5,OTB,NO,1.595833333333333
VASTFJORD II,SGZE,OTM,OTB,1.5869444444444443
ANTARES,ILEE,OTB,PTM,1.5865277777777775
VELLINO,CUJJ,OTB,NO,1.57625
CABO ORTEGAL,MVGM5,LLS,NO,1.5599999999999998
GO31 MORGENSTER,PCHQ,TBB,NO,1.5458333333333336
NUEVO PEPE MORRUTA,EA2633,OTB,NO,1.543888888888889
F/V NEPTUNE III,FVFJ,PTM,OTB,1.533472222222222
HM228 PONDUS,OWBS,OTB,NO,1.5109722222222222
NOVO XOEL,EA3216,PS,NO,1.5019444444444445
L486 SELENACHRISTINA,XP3530,GNS,LLS,1.4913888888888889
F/V BAD BOY,FHUW,GTR,GNS,1.4893055555555557
SAZON,EB2242,PS,NO,1.4694444444444446
F/V KLONDYKE,FHPJ,OTB,OTM,1.4570833333333333
F/V RAVEN,SPK2156,OTM,OTB,1.4386111111111108
PESCE TORPEDINE,ITVB,OTB,PTM,1.4375000000000002
TAJA KR164,5QSE,OTB,GNS,1.4266666666666667
NOU RECALDE,EA5279,PS,NO,1.4205555555555556
F/V P`TIT ANGE,FG2753,OTB,OTM,1.4054166666666668
QUO VADIS,VQHP9,TBB,NO,1.405277777777778
SEGUNDA ROMINA,EC2004,PS,NO,1.4008333333333334
MEIRA DA COSTA,EAWL,OTB,NO,1.4004166666666666
DIAZ LOPEZ,EB5034,PS,NO,1.3994444444444445
F/V ROSELEND,FIZX,OTB,OTM,1.3972222222222221
ORKA WLA-139,SNLB,OTB,OTM,1.3881944444444445
HARMONIE,DCRK,TBB,OTB,1.3851388888888891
FRANCA.TALLARICO,INDV,OTB,LLS,1.3768055555555554
SCHWALBE,DJPE,OTB,GNS,1.3759722222222224
CONDOR,ISIV,OTB,NO,1.3663888888888889
ASTRID,SJFX,OTM,PS,1.3613888888888892
FLAMINGO,OPVR,TBB,OTB,1.3588888888888888
PINOL,EC2045,OTB,NO,1.3518055555555555
TONI LI SEGUNDO,EA6325,OTB,NO,1.3501388888888888
BROSME,GCRU,LLS,NO,1.3395833333333331
MARLIN,ILIM,OTB,NO,1.333611111111111
"VALLETB BORK ,",XP5065,GNS,NO,1.3298611111111112
F/V LE MILLESIME,FQCK,DRB,OTM,1.3298611111111112
TERE ARBO,EA3178,OTB,NO,1.3291666666666666
F/V CALEBARIAN,FVXO,GNS,GTR,1.3284722222222223
F/V OKATA,FQXZ,GND,GTR,1.3273611111111112
NUEVO LANCE,EA8596,PS,NO,1.3179166666666666
NOVO CHONO,EA7121,PS,NO,1.3166666666666667
MORLE` I^,IKEM,OTB,NO,1.3136111111111113
NUOVA CARA MADRE,IWDS,OTB,NO,1.3056944444444445
COLOMBA TERCERO,EA3631,PS,NO,1.3004166666666668
NUEVO MERIMAR,EB3604,LLS,NO,1.2937499999999997
F/V CHARLE GILBERTE2,FMJN,OTB,OTM,1.2759722222222223
POLLI WRE2,DIUZ,TBB,OTB,1.2736111111111112
LEB-7,SPK2214,OTB,OTM,1.2651388888888888
RUTH,OWOF,PS,OTB,1.2638888888888888
FRECCIA AZZURRA,IXJO,OTB,LLS,1.216111111111111
OL-2 DE VOLHARDING,PC2169,TBB,OTB,1.2022222222222223
MOISES DANIEL,EA2742,GNS,NO,1.1931944444444444
SANPER,EBZE,OTB,NO,1.1905555555555556
PROGRESS II,EI6893,OTM,PS,1.19
COMETA,IFXK2,OTB,NO,1.1806944444444445
FABRAL,FGJG,OTB,DRB,1.1783333333333332
KATIE GRACE-B-99,2FVY2,OTB,NO,1.1693055555555554
F/V O GENITA,MRUB7,LLS,NO,1.1666666666666667
F/V M. LE ROCH 2,FMCT,OTB,OTT,1.1512499999999999
VY15 JANE,SFIT,GNS,GNS,1.1434722222222222
LECUME 11,MVTE5,OTB,NO,1.1327777777777779
F/V JULIEN COLEOU,FHEV,OTB,PTB,1.12875
HD70 HANNY,PIGE,TBB,NO,1.1190277777777777
F/V ST MARIE DELAMER,FQGH,OTB,OTM,1.1140277777777776
ATAIN,EBSH,LLS,NO,1.111388888888889
ANCHOUSA,ECNR,LLS,GNS,1.1083333333333332
F/V LUDOVIC GEOFFRAY,FMGB,OTB,OTM,1.1016666666666666
ASTRID S264,OWMJ,OTB,PS,1.0945833333333332
WILLIAM OF LADRAM,2JCA4,TBB,NO,1.0891666666666666
MASCLET,ECOU,PS,NO,1.0830555555555557
F/V AMI DE LA MER,FGBJ,DRB,OTB,1.0798611111111112
SISINNIO PADRE,IKMA,OTB,NO,1.077777777777778
GULLIVER,IZRW,OTB,NO,1.0620833333333333
MP MARIA SALVATRICE,IWKU,OTB,LLS,1.0598611111111111
NAUSICAA,EI3671,OTB,SSC,1.0468055555555553
PADRI BARRAQUET,EC2146,OTB,NO,1.0455555555555556
F/V CRIN BLANC,FP6289,OTB,DRB,1.0441666666666667
MENHADEN,EIVT,PTM,OTM,1.0166666666666666
WLA-217,SQRY,OTB,OTM,1.0080555555555557
TARZ AN DEIZ,FHQV,OTB,OTM,0.993611111111111
RANDI O159,XP4196,OTB,NO,0.9926388888888888
BAHIA DE AGUILAS,EA3219,PS,NO,0.98875
F/V QUENTIN GREGOIRE,FMIU,OTB,DRB,0.9820833333333334
ELORZ SEGON,EBZR,OTB,NO,0.9602777777777778
F/V CARPE DIEM 3,FQBT,OTB,OTM,0.9484722222222222
VIERGE MARIE,EI8467,OTB,NO,0.9459722222222222
F/V NOVO ALBORADA,EBUO,OTB,PTB,0.9458333333333333
F/V ALCATRAZ,FO4552,GTR,GNS,0.9374999999999999
JUAN Y LUCIA,EA5708,PS,NO,0.9080555555555556
F/V JIMORHAN,FGD5815,PS,GTR,0.9029166666666667
JAS-80,SPG2480,OTB,LLD,0.8848611111111111
LARENAL,EA7683,OTB,NO,0.8804166666666666
JALISCO UNO,ECKF,OTB,NO,0.8790277777777777
F/V STEREDEN AR MOOR,FZZX,PS,OTB,0.8783333333333332
R48 TINA,XP5188,GNS,LLS,0.8634722222222222
BRIAN EOIN,EI8869,OTM,DRB,0.8540277777777777
VITO E ROSA,IVRN,OTB,NO,0.8445833333333334
VENDETTA,FT6033,GNS,LLS,0.8416666666666667
T15 MIKI,XP4794,GNS,GNS,0.8411111111111111
F/V KOL-188,SQOH,OTB,OTM,0.8250000000000002
SCH24 AFRIKA,PEAT,OTM,NO,0.8222222222222222
GRAESHOLM FN 168,OU5721,GNS,OTB,0.8180555555555555
F/V ND DE LA GARDE 2,FQCO,OTB,OTM,0.8140277777777777
BRIEIRO,EBZB,LLS,GNS,0.8083333333333333
HM635 KARBAK,OWDM,OTB,NO,0.8040277777777779
F/V CUCA,FZJZ,LLS,LLD,0.8011111111111112
CORAZON DEL MAR,EA3287,PS,NO,0.7915277777777778
BOTEIRA PRIMERO,EBWP,OTB,NO,0.7915277777777777
KARFIL,9AA4949,OTB,GTR,0.7902777777777779
MIGUEL CARDENAL,EA8868,OTB,NO,0.786111111111111
MFV ANGEL EMIEL,2FCY4,TBB,NO,0.78
LOS ALONSOS,EA7602,PS,NO,0.7779166666666668
L`ECLIPSE,FGE8315,OTB,DRB,0.77
F/V CARPE DIEM,FI6060,OTB,OTM,0.7583333333333333
F/V WAR RAOG IV,FMLI,PS,LLS,0.7540277777777777
LOUIS ELIE 2,FTOD,OTM,OTB,0.7529166666666667
BEJAR,EBTR,OTB,NO,0.7501388888888888
HEL 23,SPG2223,GNS,LLD,0.7393055555555555
S.CALOGERO B.,IPHI,OTB,GNS,0.7377777777777778
LA PALOMA II,FPSS,GNS,LLS,0.7336111111111112
PREDATORE,IOQB,OTB,NO,0.7291666666666667
TX10 EMMIE,PF3481,TBB,OTT,0.7266666666666668
NUEVO ROBER,EA9454,PS,NO,0.715
UK33 WILLEMPJE H,PIPL,TBB,NO,0.7008333333333333
F/V LYCIA,FO3848,PS,GNS,0.6851388888888889
P BOMBA,EA4266,OTB,NO,0.6802777777777778
MARLIN BLU,IKOU,OTB,NO,0.6698611111111111
F/V LA PETITE BRIZE,FMFD,OTB,DRB,0.6668055555555554
STEFANO PRIMO,IIHL2,OTB,LLS,0.6588888888888889
VG 24 MARIE,SDIT,OTB,OTB,0.6526388888888889
RODRIGUEZ CONCEP TER,EA4623,OTB,NO,0.6513888888888889
F/V VAUBAN,FQVC,OTB,SDN,0.6131944444444444
CARALISA OB956,VSLJ3,OTT,NO,0.6129166666666666
AY JAY,FHUH,DRB,OTB,0.6125
GURE AMUITZ,EASO,PS,NO,0.6123611111111111
SANTA MAE LAURA,CUQJ,OTB,NO,0.5998611111111112
BERRIZ KUKUARRI,ECBW,PS,NO,0.5959722222222223
DEBORAH ANN,EI5908,OTB,NO,0.5945833333333332
DOMAGOJ,9A2472,OTB,NO,0.5929166666666666
STORMY,OUBL,OTB,OTM,0.580138888888889
AKILLAMENDI BERRIA,ECMN,LLS,GNS,0.5791666666666666
NSTRA MADRE JUANITA,EA3126,PS,NO,0.5770833333333333
DRAGISA,9A6395,PS,OTB,0.5700000000000001
FOYLE WARRIOR,EI5952,GTR,NO,0.55875
EI COLORAO TRES,EA3859,PS,NO,0.5583333333333333
HEL 95,SPG2126,LLD,OTB,0.5579166666666666
PIONIERE,IMNF,OTB,PTM,0.5554166666666667
PAOLO I,IJTO,LLS,GND,0.5545833333333333
FIDEL I ROSITA,EA2224,PS,NO,0.55
TAREJ,9A3598,OTB,NO,0.5455555555555556
ORSA MAGGIORE II,IWKV,OTB,LLS,0.5418055555555555
MAYAD0R UNO,EA2470,PS,NO,0.5398611111111111
F/V LE TIBERIADE,FVRK,PTM,OTB,0.5375000000000001
ANNA MADRE,ILQD,OTB,NO,0.5372222222222222
MFV Z.596 ZWERVER,OPXN,TBB,NO,0.5368055555555555
FRANCISCO Y ANTONIA,EB2258,OTB,NO,0.5362499999999999
F/V ANDRE LIVIA,FS6446,OTM,OTB,0.5333333333333333
RS77 KIAN,XP2447,OTB,NO,0.5329166666666667
F/V IROISE,FGRR,OTB,OTM,0.5322222222222223
ALMIRANTE BERRIA,EA4240,PS,NO,0.5306944444444444
KOL-5,SPK2232,OTB,OTM,0.5305555555555556
SANCTA MARIA III,EIOV9,OTB,NO,0.5279166666666666
ANNE-BENTE,OU8232,GNS,LLS,0.5265277777777777
HELLE KRISTINA,OX2670,GNS,FPO,0.5229166666666667
CAPOBIANCO,ILFA,PS,LLS,0.5205555555555555
S.COSMA-E-DAMIANO.2.,IFYO,OTB,NO,0.5040277777777779
PENISCOLA,EA4937,OTB,NO,0.4998611111111111
KW45,PDXZ,TBB,NO,0.4944444444444444
OCEAN ROVER SN2,MQYE8,OTB,NO,0.4913888888888889
AEROUANT BREIZH,FIHX,PS,NO,0.4850000000000001
SAN FERMIN BERRIA,EBVW,PS,NO,0.4684722222222222
L229 LYKKE HAMETNER,OYWE,OTB,OTB,0.4555555555555556
NUOVA ANDREINA,IFEJ,OTB,LLS,0.44722222222222224
ETENDARD,FI7744,PS,NO,0.4433333333333333
O AMURA,EB3415,PS,NO,0.43527777777777765
SAN MANUEL,EB6462,GNS,GTR,0.4331944444444445
QUANTUS PD379,2AJS2,OTM,NO,0.4181944444444444
LUIS BARRANKO,EANQ,PS,NO,0.41541666666666666
L56 ANNA LISE,OZOI,OTB,OTB,0.40263888888888894
GANASA,EA8999,OTB,NO,0.3972222222222223
NUEVO PAQUITA,EA3577,PS,NO,0.3944444444444445
ORATGE PRIMERO,EA9230,OTB,NO,0.3913888888888889
SANTA RITA L.,IRUJ,OTB,PS,0.3834722222222222
GALO,9AA5854,PS,GTR,0.3806944444444445
SAN FRANCESCO,ISVG,PS,LLS,0.3756944444444445
F/V ARIN,FHVD,LLS,LLD,0.35194444444444445
GRUG,9A6935,PS,NO,0.31375
FEDERICO PADRE,IWPU,OTB,PTM,0.3083333333333333
GDA-20,SPG2180,OTB,OTM,0.30638888888888893
FABIAN MELISSA 2,FAD8659,OTB,DRB,0.3056944444444445
ARRANTZALE,EBVT,PS,NO,0.3045833333333334
ESCALADOR DOS,EA3017,PS,NO,0.3001388888888889
NUEVO SAN CIBRAN,EANK,OTB,NO,0.3001388888888889
DIA DE REYES,EA9291,GNS,GTR,0.30013888888888884
SJAJNI,9A2207,OTB,NO,0.29986111111111113
MAJA HAMETNER L224,OXCC,OTB,NO,0.29791666666666666
GIUSEPPE DI MERCURI,INJA,PS,NO,0.29597222222222214
WLA-6,SPG2021,OTB,GNS,0.2930555555555555
SPIRITED LADY 3,2HES8,OTT,NO,0.2897222222222222
MFV O51 STORMVOGEL,OPBY,TBB,OTB,0.2838888888888889
MFV RATH EILTE D236,EIAT7,GND,NO,0.28347222222222224
F/V MARYDIDOU,FUJU,OTM,OTB,0.28347222222222224
MAREATHER OB503,MNFD5,OTT,NO,0.28291666666666665
RIA DE MARIN,EASD,OTB,NO,0.2813888888888889
SARRIDAL,EA9235,GNS,NO,0.2791666666666667
PRIMER LANCE,EA9637,PS,NO,0.2788888888888889
ROSQUI,EA2909,OTB,NO,0.2776388888888889
F/V LE CROTELLOIS,FGXT,OTB,OTT,0.2748611111111111
TUEMMLER SK14,DJTL,OTB,GNS,0.27361111111111114
ST27 JACOB GRIETJE,DJMA,TBB,OTB,0.27208333333333334
EL CANAVERA,EA7526,GNS,NO,0.27083333333333337
NUEVO TRES COSTAS,EA9250,PS,NO,0.27055555555555555
KAPPA2,IVQK,OTB,PS,0.2695833333333334
PONOS,9A6913,PS,NO,0.2693055555555556
CAMELIS 2,FGD6678,FPO,GNS,0.2693055555555556
VEDIGO,9AA4947,OTB,OTM,0.2693055555555556
LOS PICONES,EA3127,PS,NO,0.26666666666666666
REINA CONSUELO,EA2773,PS,NO,0.2665277777777777
LASAL UNO,EA3056,PS,NO,0.2638888888888889
F/V HERACLES,FGEV,OTB,GTR,0.2626388888888889
RAMIREZ MARTIN,EA4910,PS,NO,0.2626388888888889
GUILLO PEREZ,EA6341,OTB,NO,0.2625
CONSTANT FRIEND N83,MSVT9,OTB,NO,0.26097222222222227
OCEAN PIONEER,EIAX8,OTM,OTB,0.26027777777777783
UK148 LUNAR,PIAT,OTB,TBB,0.25833333333333336
ZWEI GEBRUEDER,DCEP,TBB,OTB,0.2525
LINE H,XP3192,OTB,NO,0.22486111111111115
WLA-58,SPG3015,GNS,OTB,0.22208333333333333
S449 MYGGENES,OXDL,OTB,NO,0.21541666666666665
ALBACHIARA,IVHU,OTB,GNS,0.20958333333333332
GLAUBE,DMJY,OTB,TBB,0.20666666666666667
MATER BI,ECCH,PS,NO,0.18597222222222226
RI322 SINNE FRIHED,OU7665,GNS,GNS,0.17375
EL VILLA,EA6500,PS,NO,0.17208333333333334
ANCILLA WLA-68,SPG3169,OTB,OTM,0.16625
WR244 MARGRETHA-H,PEYY,TBB,OTB,0.16472222222222221
ANSIA,ECIO,PS,NO,0.1627777777777778
F/V PEDRO JOSE BERRI,EDYX,PS,NO,0.16277777777777777
PITTAR,EAXC,PS,NO,0.15138888888888893
INVERDALE,2BQJ6,LLS,NO,0.14458333333333334
VEGA PRIMA,IFTB,OTB,NO,0.14166666666666666
OSTETAL,DIDO,TBB,NO,0.14
JAS 78,SPG2532,OTB,LLD,0.13555555555555557
EL RESBALON,EA6368,PS,NO,0.13472222222222222
ROSSANTONIA,IQXF,OTB,PS,0.13319444444444445
DELPHIN,DCME,TBB,OTB,0.1322222222222222
N.VA MADONNA D.GRAZ.,IRYA,OTB,PS,0.1315277777777778
L70 LIMEA,XP3750,GNS,GNS,0.13069444444444445
ARNAU I MARC NOU,EA9247,OTB,NO,0.11138888888888887
VICTORIA Y PEDRO,EA8092,PS,NO,0.10263888888888888
PRIEDAINE,YL2496,OTM,OTB,0.09180555555555556
AGNETA,EA4833,PS,NO,0.08611111111111111
ITSAS EDER,EAXX,PS,NO,0.07777777777777779
